date,actual,prediction,residual,abs_error
2022-04-26,0.8207767078602356,1.0380081708927311,-0.21723146303249552,0.21723146303249552
2022-04-27,0.8380073879193775,1.0285939151173142,-0.19058652719793678,0.19058652719793678
2022-04-28,0.8991854307363274,1.020096207870499,-0.12091077713417153,0.12091077713417153
2022-04-29,0.9524445562957192,1.0000216488389244,-0.04757709254320519,0.04757709254320519
2022-05-02,0.6451812886847054,0.9709825720539503,-0.32580128336924497,0.32580128336924497
2022-05-04,0.723778161595648,1.0136145171583881,-0.2898363555627401,0.2898363555627401
2022-05-05,0.7230503899288258,1.005755320834372,-0.28270493090554616,0.28270493090554616
2022-05-06,0.7188854882283248,0.9703262569686745,-0.2514407687403497,0.2514407687403497
2022-05-09,0.6423056425668348,0.9450209325584635,-0.3027152899916288,0.3027152899916288
2022-05-10,0.6106998528029759,0.9652067066323591,-0.3545068538293832,0.3545068538293832
2022-05-11,0.6841743970435455,0.9494307553220727,-0.2652563582785271,0.2652563582785271
2022-05-12,0.6131555818203936,0.933500176080138,-0.3203445942597444,0.3203445942597444
2022-05-13,0.5708169942300376,0.9012751297823591,-0.3304581355523215,0.3304581355523215
2022-05-16,0.5155815678772384,0.8725540889956013,-0.35697252111836286,0.35697252111836286
2022-05-17,0.6961333794906432,0.895692915114283,-0.1995595356236397,0.1995595356236397
2022-05-18,0.7741153313050545,0.8855967355267401,-0.11148140422168562,0.11148140422168562
2022-05-19,0.6051539541029016,0.8769161088024232,-0.2717621546995216,0.2717621546995216
2022-05-20,0.7073746204695853,0.8486367575806726,-0.14126213711108726,0.14126213711108726
2022-05-23,0.7038562097784336,0.8321003490292527,-0.12824413925081912,0.12824413925081912
2022-05-24,0.6431616095307747,0.8581432047727502,-0.21498159524197546,0.21498159524197546
2022-05-25,0.6122368183565202,0.8523105123668151,-0.24007369401029488,0.24007369401029488
2022-05-26,0.766521391059002,0.8455315165306051,-0.07901012547160313,0.07901012547160313
2022-05-27,0.7609227334101321,0.8262083907126071,-0.06528565730247504,0.06528565730247504
2022-05-30,0.8177992942287197,0.7975712489928632,0.020228045235856418,0.020228045235856418
2022-05-31,1.291480189560829,0.8496062308114312,0.44187395874939783,0.44187395874939783
2022-06-01,0.7331896263997387,0.842150432908465,-0.1089608065087263,0.1089608065087263
2022-06-02,0.7520271296161348,0.8710065902159375,-0.11897946059980269,0.11897946059980269
2022-06-03,0.7813970471260566,0.8596258281110599,-0.0782287809850033,0.0782287809850033
2022-06-06,0.5954517020161403,0.8556818402834884,-0.2602301382673481,0.2602301382673481
2022-06-07,0.6026087853154182,0.8835548663725488,-0.2809460810571306,0.2809460810571306
2022-06-08,0.6232076032083295,0.8951865940005584,-0.271978990792229,0.271978990792229
2022-06-09,0.5371561691336476,0.8888770914899359,-0.35172092235628827,0.35172092235628827
2022-06-10,0.5082228748729217,0.8728479796227872,-0.3646251047498654,0.3646251047498654
2022-06-13,0.4208395843623623,0.8283200131608859,-0.4074804287985236,0.4074804287985236
2022-06-14,0.5469269733959766,0.8714865709249018,-0.32455959752892516,0.32455959752892516
2022-06-15,0.4525122140562143,0.8601767815772948,-0.40766456752108055,0.40766456752108055
2022-06-16,0.5566154661536936,0.8446554541796906,-0.28803998802599695,0.28803998802599695
2022-06-17,0.6756932190913911,0.8199393743796716,-0.14424615528828044,0.14424615528828044
2022-06-20,0.4762088503225182,0.7923663362337138,-0.3161574859111956,0.3161574859111956
2022-06-21,0.5123874574936983,0.8192233055984118,-0.30683584810471354,0.30683584810471354
2022-06-22,0.4271351070724542,0.8166175566682421,-0.38948244959578787,0.38948244959578787
2022-06-23,0.4099618554978511,0.8107338907012432,-0.40077203520339216,0.40077203520339216
2022-06-24,0.5756117845423366,0.7650913348897654,-0.1894795503474288,0.1894795503474288
2022-06-27,0.5597586727115098,0.7225718242908319,-0.16281315157932208,0.16281315157932208
2022-06-28,0.5809661177587082,0.7592849828885906,-0.17831886512988238,0.17831886512988238
2022-06-29,0.5968600721016285,0.7406498781986355,-0.14378980609700698,0.14378980609700698
2022-06-30,0.565266708853033,0.7485076111668317,-0.18324090231379875,0.18324090231379875
2022-07-01,0.4544372863985409,0.7210933471273454,-0.2666560607288045,0.2666560607288045
2022-07-04,0.4544638864824867,0.7094891793672793,-0.2550252928847926,0.2550252928847926
2022-07-05,0.6796446741564136,0.733077987400615,-0.05343331324420142,0.05343331324420142
2022-07-06,0.6736084523282152,0.7359388480287403,-0.06233039570052512,0.06233039570052512
2022-07-07,0.7851377371231651,0.7365193125040121,0.048618424619153,0.048618424619153
2022-07-08,0.6254931302543962,0.7191951307361519,-0.0937020004817557,0.0937020004817557
2022-07-11,0.7245086465836066,0.7117015294745022,0.012807117109104427,0.012807117109104427
2022-07-12,0.5812449651488083,0.751803088473501,-0.17055812332469267,0.17055812332469267
2022-07-13,0.5899894126547718,0.7637265116949666,-0.17373709904019485,0.17373709904019485
2022-07-14,0.5911490460284913,0.7656488734571903,-0.17449982742869907,0.17449982742869907
2022-07-15,0.5875364544047055,0.7621409656639826,-0.17460451125927712,0.17460451125927712
2022-07-18,0.715314679045397,0.7457889399458844,-0.030474260900487327,0.030474260900487327
2022-07-19,0.8166806029716442,0.7857092867158382,0.03097131625580607,0.03097131625580607
2022-07-20,0.8319031688165208,0.7853295458805448,0.046573622935976,0.046573622935976
2022-07-21,0.873286237379658,0.795932046581812,0.077354190797846,0.077354190797846
2022-07-22,0.8557222550364701,0.7746824128267671,0.08103984220970306,0.08103984220970306
2022-07-25,0.7801013579755859,0.7732558847948912,0.006845473180694728,0.006845473180694728
2022-07-26,0.7495839777716283,0.8208512889481763,-0.07126731117654794,0.07126731117654794
2022-07-27,0.6483333897088277,0.8325481359101766,-0.18421474620134892,0.18421474620134892
2022-07-28,0.8389880920844219,0.850110844676699,-0.011122752592277019,0.011122752592277019
2022-07-29,0.9524036022553296,0.8365201713909651,0.11588343086436448,0.11588343086436448
2022-08-01,0.9675543212905396,0.8375264724098608,0.13002784888067886,0.13002784888067886
2022-08-02,1.0081424643786676,0.8800479341498877,0.12809453022877992,0.12809453022877992
2022-08-03,0.9425496981246094,0.8889522104220299,0.05359748770257955,0.05359748770257955
2022-08-04,1.0005861174811843,0.9039289255619526,0.09665719191923172,0.09665719191923172
2022-08-05,0.9407099682802014,0.8910479798489251,0.04966198843127623,0.04966198843127623
2022-08-08,0.8474918417520991,0.8900672875568798,-0.042575445804780676,0.042575445804780676
2022-08-10,0.8378534415925186,0.9413471777723209,-0.10349373617980229,0.10349373617980229
2022-08-11,0.9236628578553072,0.9478910611067823,-0.024228203251475122,0.024228203251475122
2022-08-12,0.9313947808067706,0.9497024517193217,-0.018307670912551033,0.018307670912551033
2022-08-16,0.9490391392760872,0.9449402040957261,0.004098935180361085,0.004098935180361085
2022-08-17,1.0410885282625828,0.9699509062008411,0.07113762206174168,0.07113762206174168
2022-08-18,0.9723102193059509,0.9644569806672392,0.00785323863871168,0.00785323863871168
2022-08-19,0.9635096084744594,0.9656725415683965,-0.002162933093937114,0.002162933093937114
2022-08-22,0.8569977315202737,0.9474464448301351,-0.09044871330986137,0.09044871330986137
2022-08-23,0.9111294770783812,0.9995114254430132,-0.08838194836463198,0.08838194836463198
2022-08-24,0.9379276621822789,0.9902188720932942,-0.052291209911015324,0.052291209911015324
2022-08-25,1.058731770206699,0.9991287578960798,0.05960301231061915,0.05960301231061915
2022-08-26,0.969877378448882,0.9732607731730738,-0.0033833947241918017,0.0033833947241918017
2022-08-29,0.9029704046554085,0.9665159223059974,-0.06354551765058891,0.06354551765058891
2022-08-30,1.18736067489168,1.0023408239210083,0.18501985097067175,0.18501985097067175
2022-09-01,0.9239600915308944,1.004111484463224,-0.08015139293232953,0.08015139293232953
2022-09-02,0.9627126861593688,1.0041200207055074,-0.04140733454613865,0.04140733454613865
2022-09-05,0.9611847652324348,0.9879560362102807,-0.02677127097784593,0.02677127097784593
2022-09-06,1.0714463116818929,1.0332739709223524,0.03817234075954046,0.03817234075954046
2022-09-07,1.0087839435782,1.0207991064493784,-0.01201516287117843,0.01201516287117843
2022-09-08,1.027680747926764,1.0297124067490775,-0.002031658822313487,0.002031658822313487
2022-09-09,0.9805808718584204,1.0041412393648976,-0.023560367506477276,0.023560367506477276
2022-09-12,1.0700444936286682,1.0033220039983268,0.06672248963034133,0.06672248963034133
2022-09-13,1.0671664947160735,1.0320181677361446,0.03514832697992887,0.03514832697992887
2022-09-14,1.1491150862669324,1.036488231981011,0.11262685428592145,0.11262685428592145
2022-09-15,1.0033751941333895,1.0403856363149788,-0.03701044218158933,0.03701044218158933
2022-09-16,1.367068033249928,1.029941909720183,0.33712612352974514,0.33712612352974514
2022-09-19,0.8690333583235209,1.0154059085747207,-0.14637255025119977,0.14637255025119977
2022-09-20,0.9414087090598836,1.0664470278988631,-0.12503831883897953,0.12503831883897953
2022-09-21,0.8230626213023381,1.068685962303483,-0.2456233410011449,0.2456233410011449
2022-09-22,0.9073434158801168,1.074341100869923,-0.16699768498980627,0.16699768498980627
2022-09-23,0.7756424740991411,1.0457120076071893,-0.2700695335080482,0.2700695335080482
2022-09-26,0.8030703236857697,1.0267178929560576,-0.22364756927028795,0.22364756927028795
2022-09-27,0.7580069860062851,1.0497372116827717,-0.29173022567648654,0.29173022567648654
2022-09-28,0.7503116378268763,1.0388427714954118,-0.28853113366853556,0.28853113366853556
2022-09-29,0.8663656269804582,1.0219244270749686,-0.1555588000945104,0.1555588000945104
2022-09-30,0.8763958376963396,0.9974693123961851,-0.12107347469984553,0.12107347469984553
2022-10-03,0.7252654587743484,0.9789076193898673,-0.2536421606155188,0.2536421606155188
2022-10-04,0.7973903088955736,1.0004365102138981,-0.20304620131832452,0.20304620131832452
2022-10-06,0.8006782578449169,1.0007418637950074,-0.20006360595009054,0.20006360595009054
2022-10-07,0.7751812629610005,0.984375204518709,-0.20919394155770843,0.20919394155770843
2022-10-10,0.6225013486819693,0.9427680962735535,-0.32026674759158424,0.32026674759158424
2022-10-11,0.7335387683658322,0.9808936371302615,-0.24735486876442925,0.24735486876442925
2022-10-12,0.704434353960258,0.9638077384684267,-0.2593733845081687,0.2593733845081687
2022-10-13,0.6008610480350843,0.9469476843881472,-0.3460866363530629,0.3460866363530629
2022-10-14,0.6159150283166264,0.9039618510679029,-0.2880468227512766,0.2880468227512766
2022-10-17,0.591138723070676,0.8809803356998726,-0.2898416126291965,0.2898416126291965
2022-10-18,0.7877366750129869,0.8920594026131907,-0.10432272760020378,0.10432272760020378
2022-10-19,0.7052267504786491,0.883585596844769,-0.17835884636611987,0.17835884636611987
2022-10-20,0.8407997616655835,0.8876481164937616,-0.046848354828178174,0.046848354828178174
2022-10-21,0.7545615722262483,0.857901019384538,-0.10333944715828969,0.10333944715828969
2022-10-24,-0.3538668199451407,0.8324110682483687,-1.1862778881935094,1.1862778881935094
2022-10-25,0.7644126439860524,0.8687437543329242,-0.10433111034687181,0.10433111034687181
2022-10-27,0.886498897294188,0.859144140153639,0.027354757140548913,0.027354757140548913
2022-10-28,0.7385458773548491,0.8178862861641933,-0.07934040880934423,0.07934040880934423
2022-10-31,0.8078063900505825,0.8180082324825277,-0.010201842431945218,0.010201842431945218
2022-11-01,0.9019603731454908,0.8588953696642369,0.04306500348125397,0.04306500348125397
2022-11-02,0.9264421803316796,0.8592007232453462,0.06724145708633333,0.06724145708633333
2022-11-03,0.870008441767695,0.848979670627829,0.02102877113986601,0.02102877113986601
2022-11-04,0.9525600059772472,0.8459080867616218,0.10665191921562545,0.10665191921562545
2022-11-07,0.9763625517498644,0.8561896247530328,0.12017292699683157,0.12017292699683157
2022-11-09,1.0657290102455164,0.9101450171927311,0.15558399305278525,0.15558399305278525
2022-11-10,0.8892746773566819,0.9389028857676259,-0.049628208410944064,0.049628208410944064
2022-11-11,1.045898402273293,0.9675388080241865,0.07835959424910643,0.07835959424910643
2022-11-14,0.9928203483420104,0.9743851182281171,0.018435230113893253,0.018435230113893253
2022-11-15,0.918008858849172,1.0332854338762758,-0.11527657502710376,0.11527657502710376
2022-11-16,0.9148978625427256,1.0426070104497585,-0.1277091479070328,0.1277091479070328
2022-11-17,0.8308262868645835,1.0640022481088947,-0.23317596124431117,0.23317596124431117
2022-11-18,0.87865006045094,1.0315896483735174,-0.15293958792257745,0.15293958792257745
2022-11-21,0.8178192902565887,1.010182703867821,-0.19236341361123233,0.19236341361123233
2022-11-22,0.8402386266803397,1.0218634539158014,-0.1816248272354617,0.1816248272354617
2022-11-23,0.8816385518507566,1.012993810398066,-0.13135525854730945,0.13135525854730945
2022-11-24,0.9917654320325212,1.0005843091517193,-0.008818877119198043,0.008818877119198043
2022-11-25,0.9924627953074262,0.974679008855303,0.017783786452123196,0.017783786452123196
2022-11-28,1.0614281753293129,0.9450443462515837,0.11638382907772915,0.11638382907772915
2022-11-29,0.9520621976057208,0.9966354434714143,-0.044573245865693556,0.044573245865693556
2022-11-30,1.3797753940116348,0.9865187769023913,0.39325661710924353,0.39325661710924353
2022-12-01,1.0892136209556076,1.0056870308961046,0.08352659005950303,0.08352659005950303
2022-12-02,1.0773682327718368,0.9824662568515021,0.09490197592033467,0.09490197592033467
2022-12-05,1.0210665304645408,0.9978875882680721,0.023178942196468655,0.023178942196468655
2022-12-06,1.0015087457233554,1.0425804261523615,-0.04107168042900611,0.04107168042900611
2022-12-07,0.9473787653887432,1.0549343198775478,-0.1075555544888046,0.1075555544888046
2022-12-08,0.915362461626711,1.0597102254887967,-0.1443477638620857,0.1443477638620857
2022-12-09,0.9911250741057815,1.0766900308536806,-0.0855649567478991,0.0855649567478991
2022-12-12,0.890243625644684,1.0713317096260664,-0.18108808398138243,0.18108808398138243
2022-12-13,0.947991895382873,1.067006029822108,-0.11901413443923503,0.11901413443923503
2022-12-14,1.011248450772814,1.067769169882245,-0.05652071910943102,0.05652071910943102
2022-12-15,0.9259836962450064,1.0538358274419912,-0.1278521311969848,0.1278521311969848
2022-12-16,1.0146295610198912,1.0291241377094322,-0.014494576689541017,0.014494576689541017
2022-12-19,0.832293920403034,1.0008316162853015,-0.16853769588226752,0.16853769588226752
2022-12-20,0.8448717153034107,1.0350946294550851,-0.19022291415167447,0.19022291415167447
2022-12-21,1.0337758281614504,1.0259057304759505,0.007870097685499955,0.007870097685499955
2022-12-22,0.9099980383432742,1.028541722093067,-0.11854368374979285,0.11854368374979285
2022-12-23,0.899737501822184,0.9928158408885438,-0.09307833906635976,0.09307833906635976
2022-12-26,0.7034958958670016,0.9706528292091741,-0.2671569333421725,0.2671569333421725
2022-12-27,0.8028215366854262,0.9947303980863941,-0.19190886140096786,0.19190886140096786
2022-12-28,0.8017036807995804,0.9809021733725449,-0.1791984925729645,0.1791984925729645
2022-12-29,0.8750978222278789,0.9783359350495154,-0.10323811282163653,0.10323811282163653
2022-12-30,0.8304156259405298,0.9443907139853113,-0.11397508804478151,0.11397508804478151
2023-01-02,0.7272028261833856,0.92770504314025,-0.20050221695686443,0.20050221695686443
2023-01-03,0.7980621918770952,0.9677105084404013,-0.16964831656330615,0.16964831656330615
2023-01-04,0.7625766290109006,0.9603620232975695,-0.19778539428666886,0.19778539428666886
2023-01-05,0.8296748659841805,1.029045604280425,-0.19937073829624452,0.19937073829624452
2023-01-06,0.8318781351681177,0.9927563310851966,-0.16087819591707886,0.16087819591707886
2023-01-09,0.6355455773150032,0.9854566244696986,-0.34991104715469545,0.34991104715469545
2023-01-10,0.7120721057784156,1.0093156655444633,-0.29724355976604766,0.29724355976604766
2023-01-11,0.726665204042527,1.0087981253694522,-0.28213292132692525,0.28213292132692525
2023-01-12,0.6479610170767305,0.9958993754939478,-0.3479383584172173,0.3479383584172173
2023-01-13,0.7095940661043308,0.9675427103063732,-0.25794864420204233,0.25794864420204233
2023-01-16,0.6636479880739369,0.9295710657034032,-0.2659230776294663,0.2659230776294663
2023-01-17,0.6261040100641714,0.9536544880039034,-0.327550477939732,0.327550477939732
2023-01-18,0.7513596894182601,0.9338484547653012,-0.18248876534704106,0.18248876534704106
2023-01-19,0.58221229558121,0.9220501484664466,-0.3398378528852366,0.3398378528852366
2023-01-20,0.6857982726419521,0.8899424145269054,-0.20414414188495322,0.20414414188495322
2023-01-23,0.6306075471938449,0.8646402607209711,-0.23403271352712618,0.23403271352712618
2023-01-24,0.5923175990334901,0.8904255658401463,-0.2981079668066562,0.2981079668066562
2023-01-25,0.6301798967698058,0.8789752943338182,-0.24879539756401237,0.24879539756401237
2023-01-27,0.7424387805588547,0.8699334626145947,-0.12749468205574,0.12749468205574
2023-01-30,0.6664435667310868,0.8376450042312819,-0.171201437500195,0.171201437500195
2023-01-31,0.8467993120585495,0.8785248246338908,-0.031725512575341286,0.031725512575341286
2023-02-01,0.8590159079921437,0.8620367068245314,-0.0030207988323877055,0.0030207988323877055
2023-02-02,0.6219000304142338,0.8591373111598123,-0.23723728074557848,0.23723728074557848
2023-02-03,0.6714415526204166,0.8321947354796435,-0.1607531828592269,0.1607531828592269
2023-02-06,0.5549737802638135,0.8135303636732881,-0.2585565834094746,0.2585565834094746
2023-02-07,0.6180843748178494,0.8487552894020937,-0.23067091458424427,0.23067091458424427
2023-02-08,0.7100047135196069,0.8442598603230138,-0.1342551468034069,0.1342551468034069
2023-02-09,0.6461901440056235,0.8387395943846515,-0.19254945037902804,0.19254945037902804
2023-02-10,0.6363916057441866,0.8146103202684577,-0.17821871452427107,0.17821871452427107
2023-02-13,0.5814907167223073,0.7859617155947904,-0.2044709988724831,0.2044709988724831
2023-02-14,0.5902686196235892,0.8291224199355263,-0.23885380031193704,0.23885380031193704
2023-02-15,0.6316393151916533,0.8129386801367295,-0.18129936494507626,0.18129936494507626
2023-02-16,0.6602193587872707,0.8175253250619234,-0.15730596627465276,0.15730596627465276
2023-02-17,0.6803913364948456,0.7899996020874795,-0.10960826559263392,0.10960826559263392
2023-02-20,0.6636487831465074,0.7693401885131731,-0.10569140536666566,0.10569140536666566
2023-02-21,0.5939012155698467,0.8076618190497628,-0.2137606034799161,0.2137606034799161
2023-02-22,0.6935729705452057,0.8003426010233312,-0.10676963047812549,0.10676963047812549
2023-02-23,0.7545285173373403,0.8109338826633117,-0.0564053653259714,0.0564053653259714
2023-02-24,0.5974418501143244,0.777719607831204,-0.1802777577168796,0.1802777577168796
2023-02-27,0.6094954780988903,0.7574584709325778,-0.14796299283368752,0.14796299283368752
2023-02-28,0.9491935110294688,0.7985214547053251,0.1506720563241437,0.1506720563241437
2023-03-01,0.5742813626278861,0.7946316110430939,-0.22035024841520778,0.22035024841520778
2023-03-02,0.5160986582061703,0.8059811548904778,-0.28988249668430754,0.28988249668430754
2023-03-03,0.6754906968617981,0.7846534754916988,-0.10916277862990076,0.10916277862990076
2023-03-06,0.7706933228501465,0.7736426985166479,-0.0029493756665014415,0.0029493756665014415
2023-03-08,0.7679979381022206,0.7882396728212773,-0.02024173471905666,0.02024173471905666
2023-03-09,0.7487752746536621,0.7912024805715302,-0.04242720591786808,0.04242720591786808
2023-03-10,0.6349233400009404,0.7783386073430695,-0.14341526734212906,0.14341526734212906
2023-03-13,0.6313096139893885,0.7741085334526854,-0.14279891946329692,0.14279891946329692
2023-03-14,0.6435850571287258,0.8057389695022656,-0.16215391237353982,0.16215391237353982
2023-03-15,0.5551888357312447,0.8035817391309299,-0.24839290339968523,0.24839290339968523
2023-03-16,0.6010833232541641,0.8046265751864191,-0.20354325193225498,0.20354325193225498
2023-03-17,0.8868643230231436,0.7872923938204556,0.09957192920268798,0.09957192920268798
2023-03-20,0.5620984508083664,0.7681297493573856,-0.20603129854901925,0.20603129854901925
2023-03-21,0.5611586393333394,0.8125289405071259,-0.25137030117378645,0.25137030117378645
2023-03-22,0.5480734690189987,0.8095929609469065,-0.2615194919279078,0.2615194919279078
2023-03-23,0.6278825399591011,0.8140722931119662,-0.186189753152865,0.186189753152865
2023-03-24,0.5830782264501616,0.7808877731815321,-0.19780954673137052,0.19780954673137052
2023-03-27,0.6464950142827691,0.7517616267252673,-0.10526661244249813,0.10526661244249813
2023-03-28,0.6172332011814773,0.7915702706676268,-0.17433706948614947,0.17433706948614947
2023-03-29,0.8316401051009829,0.7789873617566085,0.05265274334437431,0.05265274334437431
2023-03-31,0.7479206823218733,0.7800224421066311,-0.03210175978475782,0.03210175978475782
2023-04-03,0.632444351950826,0.7491058798045804,-0.11666152785375439,0.11666152785375439
2023-04-05,0.7266933702544895,0.8134713416552142,-0.08677797140072463,0.08677797140072463
2023-04-06,0.7403062967644314,0.8018435163093912,-0.06153721954495983,0.06153721954495983
2023-04-10,0.678386601025161,0.7953913366063173,-0.11700473558115632,0.11700473558115632
2023-04-11,0.7767107063486018,0.8235509365434636,-0.04684023019486172,0.04684023019486172
2023-04-12,0.8219551639000857,0.8304916331977851,-0.008536469297699356,0.008536469297699356
2023-04-13,0.7585467449981621,0.828827309845157,-0.07028056484699485,0.07028056484699485
2023-04-17,0.7572981507955271,0.8145073975757834,-0.057209246780256295,0.057209246780256295
2023-04-18,0.8512541824165715,0.8629703278376997,-0.011716145421128199,0.011716145421128199
2023-04-19,0.8018007017966661,0.8614864850362065,-0.059685783239540435,0.059685783239540435
2023-04-20,0.7389879399147348,0.8616459908205879,-0.12265805090585313,0.12265805090585313
2023-04-21,0.7318420827953791,0.8487096814790366,-0.11686759868365748,0.11686759868365748
2023-04-24,0.7073339892249522,0.8401985601372044,-0.13286457091225223,0.13286457091225223
2023-04-25,0.7830367058496381,0.8766461196536308,-0.09360941380399268,0.09360941380399268
2023-04-26,0.8698778425048195,0.8772724359445964,-0.0073945934397768864,0.0073945934397768864
2023-04-27,0.8998869692067404,0.8799228172272765,0.019964151979463884,0.019964151979463884
2023-04-28,1.0674374790041106,0.859516076424559,0.2079214025795516,0.2079214025795516
2023-05-02,0.9138623649646948,0.8421092150528681,0.07175314991182669,0.07175314991182669
2023-05-03,0.926793907465274,0.8787770096202063,0.048016897845067685,0.048016897845067685
2023-05-04,0.9843263843203436,0.8771182957982216,0.10720808852212194,0.10720808852212194
2023-05-05,0.8571868914972033,0.8812237405512681,-0.02403684905406478,0.02403684905406478
2023-05-08,0.9185682819011456,0.8674833171866196,0.05108496471452595,0.05108496471452595
2023-05-09,1.0403703262788346,0.9296466724207706,0.11072365385806404,0.11072365385806404
2023-05-10,0.9182436196147614,0.9317407345992091,-0.013497114984447722,0.013497114984447722
2023-05-11,0.9477739467125392,0.9619717146995838,-0.01419776798704453,0.01419776798704453
2023-05-12,0.8229328810494783,0.9445785113155463,-0.121645630266068,0.121645630266068
2023-05-15,0.8471662077534761,0.9493312471263117,-0.10216503937283561,0.10216503937283561
2023-05-16,0.9932731062192224,0.9817714067296326,0.01150169948958979,0.01150169948958979
2023-05-17,0.928783171904128,0.9906808047471449,-0.06189763284301697,0.06189763284301697
2023-05-18,0.9711433501606134,0.9864951193166345,-0.0153517691560211,0.0153517691560211
2023-05-19,0.9309142153194214,0.9691699619782276,-0.038255746658806156,0.038255746658806156
2023-05-22,0.8177045625066934,0.9462786868857647,-0.12857412437907123,0.12857412437907123
2023-05-23,0.8865465596736564,0.9892996407456893,-0.10275308107203296,0.10275308107203296
2023-05-24,0.9118124602722316,0.9848929885863569,-0.07308052831412526,0.07308052831412526
2023-05-25,0.9259020204936428,0.9804512158873442,-0.0545491953937014,0.0545491953937014
2023-05-26,0.9584993590823502,0.9624063313781276,-0.003906972295777411,0.003906972295777411
2023-05-29,0.9842434581346048,0.9415654616821396,0.04267799645246517,0.04267799645246517
2023-05-30,0.9085824347193284,0.9849927406747545,-0.07641030595542608,0.07641030595542608
2023-05-31,1.4215281501418422,0.9818187219011464,0.4397094282406958,0.4397094282406958
2023-06-01,0.9392433318487524,0.9946047933785097,-0.055361461529757294,0.055361461529757294
2023-06-02,0.9788261346240978,0.9781913067159709,0.000634827908126967,0.000634827908126967
2023-06-05,0.971841118458677,0.9796602720666272,-0.007819153607950158,0.007819153607950158
2023-06-06,0.891988950916372,1.0253030717707416,-0.13331412085436967,0.13331412085436967
2023-06-07,1.061054654830413,1.0229199968178506,0.03813465801256233,0.03813465801256233
2023-06-08,1.0722027980577895,1.0318576863812166,0.04034511167657295,0.04034511167657295
2023-06-09,0.8841960682848384,1.0172046167701534,-0.13300854848531496,0.13300854848531496
2023-06-12,0.8396794589105667,1.0050929084331792,-0.1654134495226125,0.1654134495226125
2023-06-13,1.0655132045683409,1.0411512153014821,0.02436198926685873,0.02436198926685873
2023-06-14,1.0507067403831312,1.0341678374357437,0.016538902947387468,0.016538902947387468
2023-06-15,1.0244719007031522,1.0360811751704107,-0.011609274467258457,0.011609274467258457
2023-06-16,1.1958453221650551,1.0179875121338602,0.17785781003119494,0.17785781003119494
2023-06-19,1.0263578163743354,1.0110853505161324,0.015272465858203077,0.015272465858203077
2023-06-20,1.0438951591765917,1.0474653517722015,-0.0035701925956097558,0.0035701925956097558
2023-06-21,1.0677461897891596,1.0516873772055757,0.01605881258358388,0.01605881258358388
2023-06-22,1.0405478638218504,1.0594209688217076,-0.01887310499985717,0.01887310499985717
2023-06-23,0.9417085062414106,1.0397959039195135,-0.09808739767810293,0.09808739767810293
2023-06-26,0.8668679724132926,1.025393555938946,-0.15852558352565338,0.15852558352565338
2023-06-27,0.9692879156680944,1.0705839348020398,-0.10129601913394548,0.10129601913394548
2023-06-28,1.0694745236118406,1.0681786656192118,0.0012958579926287683,0.0012958579926287683
2023-06-30,1.048282782637436,1.0598229038869378,-0.011540121249501878,0.011540121249501878
2023-07-03,1.0016539576742705,1.0365096945330377,-0.034855736858767195,0.034855736858767195
2023-07-04,0.994269801163331,1.0830692866583904,-0.08879948549505945,0.08879948549505945
2023-07-05,1.0529494382342108,1.0745181669241446,-0.021568728689933758,0.021568728689933758
2023-07-06,1.1924200717016176,1.0663323983596287,0.1260876733419889,0.1260876733419889
2023-07-07,1.13912236226875,1.0320757263983984,0.10704663587035168,0.10704663587035168
2023-07-10,0.9977776661356536,1.0225712303474142,-0.0247935642117606,0.0247935642117606
2023-07-11,1.048158905724791,1.0654443852695175,-0.017285479544726368,0.017285479544726368
2023-07-12,1.0648851670099455,1.0690932630067198,-0.004208095996774297,0.004208095996774297
2023-07-13,1.0979722978176798,1.0694549557868998,0.028517342030780046,0.028517342030780046
2023-07-14,1.056344303516309,1.056477672482388,-0.0001333689660791837,0.0001333689660791837
2023-07-17,1.1406004082007328,1.0497450162471451,0.09085539195358772,0.09085539195358772
2023-07-18,1.0163276780442934,1.0870296152926189,-0.07070193724832552,0.07070193724832552
2023-07-19,1.039547751539594,1.0927835303769098,-0.053235778837315895,0.053235778837315895
2023-07-20,1.0819544583723535,1.0937434917948383,-0.01178903342248483,0.01178903342248483
2023-07-21,1.0736351039938732,1.0785604434842937,-0.0049253394904205106,0.0049253394904205106
2023-07-24,1.0862292021803543,1.059195855918062,0.027033346262292257,0.027033346262292257
2023-07-25,1.05652959922236,1.095519274082424,-0.038989674860063994,0.038989674860063994
2023-07-26,1.0487422924457126,1.0923676934313895,-0.04362540098567691,0.04362540098567691
2023-07-27,1.190420843759668,1.0946463823357864,0.09577446142388157,0.09577446142388157
2023-07-28,1.2280851259708463,1.0716370632071757,0.15644806276367063,0.15644806276367063
2023-07-31,1.2371379535964495,1.0586619749363941,0.17847597866005538,0.17847597866005538
2023-08-01,1.1918429271377766,1.0978452781583348,0.09399764897944185,0.09399764897944185
2023-08-02,1.164525173840879,1.1004354179597577,0.06408975588112131,0.06408975588112131
2023-08-03,1.109355812511922,1.1083207107958977,0.0010351017160243892,0.0010351017160243892
2023-08-04,1.1372201281407002,1.0940490892685844,0.04317103887211582,0.04317103887211582
2023-08-07,1.0204494122884125,1.0856847912940268,-0.06523537900561438,0.06523537900561438
2023-08-08,1.0452718075812617,1.1294235211836678,-0.08415171360240614,0.08415171360240614
2023-08-09,1.1071317972151316,1.1307339563204895,-0.0236021591053579,0.0236021591053579
2023-08-10,1.116448233424578,1.128380636269272,-0.011932402844694101,0.011932402844694101
2023-08-11,1.0688816030114878,1.1110137732899947,-0.04213217027850691,0.04213217027850691
2023-08-14,0.9469498375140748,1.0908006832407924,-0.14385084572671758,0.14385084572671758
2023-08-16,0.9394075994597504,1.123506198032809,-0.18409859857305855,0.18409859857305855
2023-08-17,0.921334097242268,1.1170006058423045,-0.19566650860003654,0.19566650860003654
2023-08-18,1.057252067812002,1.1003715180889504,-0.0431194502769483,0.0431194502769483
2023-08-21,0.9054691140395686,1.079140664066929,-0.17367155002736034,0.17367155002736034
2023-08-22,0.9986310378396416,1.0969058037218864,-0.09827476588224482,0.09827476588224482
2023-08-23,1.1622965872427795,1.0895026866284407,0.07279390061433877,0.07279390061433877
2023-08-24,1.1253483668496609,1.0842375323880342,0.041110834461626666,0.041110834461626666
2023-08-25,0.975703981334989,1.055498199653526,-0.07979421831853695,0.07979421831853695
2023-08-28,0.979006541973768,1.0398798029865277,-0.060873261012759694,0.060873261012759694
2023-08-29,1.1409355886330366,1.0735433280553792,0.06739226057765735,0.06739226057765735
2023-08-30,1.2052955006520685,1.0689791212527588,0.13631637939930963,0.13631637939930963
2023-08-31,1.5177448129912694,1.0731284666804057,0.44461634631086366,0.44461634631086366
2023-09-01,1.2573986285276224,1.0561696360822754,0.20122899244534698,0.20122899244534698
2023-09-04,1.36677443610857,1.0568486331827613,0.30992580292580874,0.30992580292580874
2023-09-05,1.4016339108861775,1.1007549173137938,0.3008789935723837,0.3008789935723837
2023-09-06,1.2886014424364045,1.111114500948939,0.17748694148746558,0.17748694148746558
2023-09-07,1.2546457731465426,1.133354826594133,0.12129094655240968,0.12129094655240968
2023-09-08,1.357028672527698,1.131439049933099,0.22558962259459903,0.22558962259459903
2023-09-11,1.322534766826167,1.1409440337693568,0.18159073305681028,0.18159073305681028
2023-09-12,1.3749505903914945,1.187371436085635,0.18757915430585959,0.18757915430585959
2023-09-13,1.249747406887861,1.20339128003259,0.046356126855270796,0.046356126855270796
2023-09-14,1.2163796824049662,1.219130891340013,-0.0027512089350467672,0.0027512089350467672
2023-09-15,1.584968350594567,1.2106670851696948,0.3743012654248723,0.3743012654248723
2023-09-18,1.217749847899712,1.1999943433890667,0.017755504510645226,0.017755504510645226
2023-09-20,1.1992892266599593,1.2415831596864721,-0.04229393302651285,0.04229393302651285
2023-09-21,1.0996401054907168,1.2414556038374942,-0.14181549834677742,0.14181549834677742
2023-09-22,1.1012601124546295,1.2312486969929037,-0.12998858453827422,0.12998858453827422
2023-09-25,1.086122626773476,1.2102900271534047,-0.12416740037992868,0.12416740037992868
2023-09-26,1.009075988700714,1.2298543627890681,-0.2207783740883542,0.2207783740883542
2023-09-27,1.095805119320641,1.2196106281563406,-0.12380550883569952,0.12380550883569952
2023-09-28,1.27709615549929,1.1965164343901693,0.0805797211091206,0.0805797211091206
2023-09-29,1.0714190455511736,1.1726412964013844,-0.10122225085021075,0.10122225085021075
2023-10-03,1.1427892722308104,1.154405443957656,-0.011616171726845703,0.011616171726845703
2023-10-04,1.155193893398327,1.179791009045331,-0.024597115647003953,0.024597115647003953
2023-10-05,1.0216470708452814,1.1743061075392858,-0.15265903669400438,0.15265903669400438
2023-10-06,1.0092660717407034,1.1573721539900956,-0.14810608224939226,0.14810608224939226
2023-10-09,0.9608134443734322,1.1281186955774898,-0.1673052512040576,0.1673052512040576
2023-10-10,0.9980865226123355,1.1552463857688902,-0.1571598631565546,0.1571598631565546
2023-10-11,1.2060847309564455,1.144506085727905,0.06157864522854051,0.06157864522854051
2023-10-12,1.1525083963784526,1.1537259590718967,-0.0012175626934440853,0.0012175626934440853
2023-10-13,1.0866592263517203,1.1124793241437378,-0.02582009779201755,0.02582009779201755
2023-10-16,1.1132197551507697,1.1007441860377805,0.012475569112989193,0.012475569112989193
2023-10-17,1.1824606809755371,1.1201238949474854,0.062336786028051705,0.062336786028051705
2023-10-18,1.2185374014089567,1.1155874919054454,0.10294990950351135,0.10294990950351135
2023-10-19,1.0375073107847324,1.1258234219737995,-0.08831611118906713,0.08831611118906713
2023-10-20,1.060206543556699,1.108447047181692,-0.0482405036249931,0.0482405036249931
2023-10-23,1.007144749854172,1.0938288542176724,-0.08668410436350049,0.08668410436350049
2023-10-25,0.9754589726168448,1.126983619246433,-0.1515246466295883,0.1515246466295883
2023-10-26,1.0155932349436947,1.120105846892372,-0.10451261194867723,0.10451261194867723
2023-10-27,0.9986491237641052,1.113454894690413,-0.11480577092630784,0.11480577092630784
2023-10-30,0.9153696996772008,1.0893509854084327,-0.17398128573123184,0.17398128573123184
2023-10-31,0.9857109422323334,1.106526392667925,-0.12081545043559161,0.12081545043559161
2023-11-01,0.978878350462762,1.09731334831776,-0.118434997854998,0.118434997854998
2023-11-02,0.9786576864059736,1.097279447241263,-0.11862176083528941,0.11862176083528941
2023-11-03,1.0896747536278668,1.0736750300791804,0.015999723548686395,0.015999723548686395
2023-11-06,1.08488063846482,1.0414902260664518,0.04339041239836816,0.04339041239836816
2023-11-07,1.0680592271769611,1.0666011680452379,0.001458059131723255,0.001458059131723255
2023-11-08,1.1598381257673112,1.0556613638274575,0.1041767619398537,0.1041767619398537
2023-11-09,1.1674632709952897,1.0692756946989481,0.09818757629634156,0.09818757629634156
2023-11-10,1.0296467675111218,1.0402080824754838,-0.010561314964361967,0.010561314964361967
2023-11-12,-0.0532525787180852,1.026413514945495,-1.07966609366358,1.07966609366358
2023-11-13,0.982834839517039,0.9950313616000435,-0.01219652208300448,0.01219652208300448
2023-11-15,1.180990075202001,1.0112707089200008,0.16971936628200024,0.16971936628200024
2023-11-16,1.1508039571038424,1.0138181675100066,0.13698578959383578,0.13698578959383578
2023-11-17,1.1266203719665795,1.0231916932150997,0.10342867875147976,0.10342867875147976
2023-11-20,0.957198089348293,1.0055011847069628,-0.048303095358669834,0.048303095358669834
2023-11-21,1.0457713565657718,1.0356224131208365,0.010148943444935332,0.010148943444935332
2023-11-22,1.0748553052722924,1.030140682219068,0.04471462305322449,0.04471462305322449
2023-11-23,1.0042812857289125,1.0494823438774528,-0.04520105814854025,0.04520105814854025
2023-11-24,1.0074659335037812,1.0438635453138763,-0.03639761181009504,0.03639761181009504
2023-11-28,1.0899172978882157,1.0373713672183886,0.052545930669827046,0.052545930669827046
2023-11-29,1.216667359041234,1.0861247736105775,0.13054258543065655,0.13054258543065655
2023-11-30,1.6486570659926754,1.0885315061492256,0.5601255598434498,0.5601255598434498
2023-12-01,1.2909943551576752,1.109984790255889,0.1810095649017862,0.1810095649017862
2023-12-04,1.4332404620628392,1.1011631935875774,0.33207726847526176,0.33207726847526176
2023-12-05,1.363060291042787,1.168731697435583,0.1943285936072039,0.1943285936072039
2023-12-06,1.3412428970960864,1.1696326368354377,0.17161026026064863,0.17161026026064863
2023-12-07,1.328558933691811,1.1764740691866349,0.15208486450517622,0.15208486450517622
2023-12-08,1.3344490203320534,1.1770062429198465,0.1574427774122069,0.1574427774122069
2023-12-11,1.277304163144031,1.1625370683568315,0.11476709478719949,0.11476709478719949
2023-12-12,1.196163496403728,1.2177936280131578,-0.021630131609429837,0.021630131609429837
2023-12-13,1.2323484605811974,1.2213588505759827,0.0109896100052147,0.0109896100052147
2023-12-14,1.376101617617098,1.2309184663628543,0.14518315125424364,0.14518315125424364
2023-12-15,1.6134604192451876,1.2188487075593872,0.39461171168580034,0.39461171168580034
2023-12-18,1.398021980149971,1.2113916901932378,0.18663028995673314,0.18663028995673314
2023-12-19,1.3401119759301188,1.2531556214037713,0.08695635452634742,0.08695635452634742
2023-12-20,1.4324880561975293,1.257425693686569,0.1750623625109602,0.1750623625109602
2023-12-21,1.2054321760879894,1.2587288120442908,-0.05329663595630141,0.05329663595630141
2023-12-22,1.2582389853710014,1.233278127622625,0.02496085774837642,0.02496085774837642
2023-12-26,1.186668125649316,1.2259191550964166,-0.03925102944710068,0.03925102944710068
2023-12-27,1.3157166321306475,1.2430611490646852,0.07265548306596226,0.07265548306596226
2023-12-28,1.493523258738909,1.2378533095938957,0.2556699491450132,0.2556699491450132
2023-12-29,1.4121839013464907,1.243870628725789,0.16831327262070173,0.16831327262070173
2024-01-01,1.160022284617563,1.2335027527409972,-0.07348046812343423,0.07348046812343423
2024-01-02,1.3531980660260376,1.2880815347600207,0.06511653126601691,0.06511653126601691
2024-01-03,1.3067119367452522,1.2824110309574706,0.024300905787781657,0.024300905787781657
2024-01-04,1.4831334962954856,1.3373190680359972,0.14581442825948843,0.14581442825948843
2024-01-05,1.372592197085425,1.3108754966904528,0.061716700394972124,0.061716700394972124
2024-01-08,1.185036082136915,1.3086280260435497,-0.12359194390663464,0.12359194390663464
2024-01-09,1.2101646997068602,1.3340016403920278,-0.1238369406851676,0.1238369406851676
2024-01-10,1.2043817607957383,1.3356162096467754,-0.13123444885103708,0.13123444885103708
2024-01-11,1.274783952961096,1.3264746258391544,-0.0516906728780584,0.0516906728780584
2024-01-12,1.29856637164294,1.3046255039831776,-0.006059132340237472,0.006059132340237472
2024-01-15,1.339932661947708,1.2709812464326227,0.06895141551508543,0.06895141551508543
2024-01-16,1.3202333608787584,1.2917643135737202,0.028469047305038186,0.028469047305038186
2024-01-17,1.2907721253214255,1.2819359281012397,0.008836197220185804,0.008836197220185804
2024-01-18,1.2877523407383444,1.2831136856437135,0.004638655094630906,0.004638655094630906
2024-01-19,1.2890668785645782,1.259666091447009,0.029400787117569216,0.029400787117569216
2024-01-20,0.9519936727562448,1.2361160623429035,-0.2841223895866587,0.2841223895866587
2024-01-23,1.331852186576972,1.2045975730135543,0.1272546135634176,0.1272546135634176
2024-01-24,1.3220973914698884,1.2265542515223022,0.09554313994758612,0.09554313994758612
2024-01-25,1.3545473110079391,1.213275273026231,0.14127203798170807,0.14127203798170807
2024-01-29,1.3957463463701738,1.2088027698549981,0.18694357651517568,0.18694357651517568
2024-01-30,1.373222776051114,1.2401888254826363,0.13303395056847767,0.13303395056847767
2024-01-31,1.5266789336009206,1.2425675103680673,0.2841114232328532,0.2841114232328532
2024-02-01,1.377555598516019,1.2258940341548397,0.1516615643611794,0.1516615643611794
2024-02-02,1.4433388210221811,1.219588190033767,0.22375063098841408,0.22375063098841408
2024-02-05,1.4248721024185125,1.21804020346883,0.20683189894968246,0.20683189894968246
2024-02-06,1.456820877581798,1.2627313341046629,0.19408954347713503,0.19408954347713503
2024-02-07,1.4404881065264126,1.2689452307017113,0.1715428758247013,0.1715428758247013
2024-02-08,1.3425688871956138,1.2885102980152847,0.05405858918032913,0.05405858918032913
2024-02-09,1.3073162892937875,1.2769093008594952,0.030406988434292348,0.030406988434292348
2024-02-12,1.1891653030951752,1.2749015766744374,-0.08573627357926217,0.08573627357926217
2024-02-13,1.1504510118675142,1.307330029431198,-0.15687901756368383,0.15687901756368383
2024-02-14,1.195987720442422,1.3075614835433969,-0.11157376310097478,0.11157376310097478
2024-02-15,1.2333583164679482,1.2935405836465792,-0.060182267178630955,0.060182267178630955
2024-02-16,1.3219612645542975,1.271137825505364,0.050823439048933494,0.050823439048933494
2024-02-19,1.194173914956702,1.2337739613529728,-0.03960004639627068,0.03960004639627068
2024-02-20,1.210934225123259,1.2628547437788173,-0.051920518655558245,0.051920518655558245
2024-02-21,1.2823007807319218,1.2464388181899118,0.03586196254201002,0.03586196254201002
2024-02-22,1.197290718156578,1.2481202140271066,-0.05082949587052865,0.05082949587052865
2024-02-23,1.2064514671459858,1.2198550085782829,-0.01340354143229705,0.01340354143229705
2024-02-26,1.1255623849565377,1.205061700701135,-0.07949931574459734,0.07949931574459734
2024-02-27,1.185016148145248,1.2322445106284226,-0.047228362483174635,0.047228362483174635
2024-02-28,1.2359424713583735,1.2302541028205682,0.0056883685378052995,0.0056883685378052995
2024-02-29,1.608581878579435,1.2246645713733921,0.3839173072060429,0.3839173072060429
2024-03-01,1.1773624129362097,1.1996499669860903,-0.022287554049880587,0.022287554049880587
2024-03-02,-0.1570316162802664,1.1834325700034334,-1.3404641862837,1.3404641862837
2024-03-04,1.1892324514747312,1.1576343385745147,0.031598112900216524,0.031598112900216524
2024-03-05,1.2222736067160531,1.1687151127362896,0.05355849397976353,0.05355849397976353
2024-03-06,1.2240336653963142,1.1606383641803646,0.0633953012159496,0.0633953012159496
2024-03-07,1.2224845336958972,1.1583216280246473,0.06416290567124983,0.06416290567124983
2024-03-11,1.1919709628684492,1.1278640716648074,0.06410689120364177,0.06410689120364177
2024-03-12,1.1615345577349845,1.1713437875743062,-0.009809229839321754,0.009809229839321754
2024-03-13,1.2889049998242703,1.1362227601087216,0.15268223971554873,0.15268223971554873
2024-03-14,1.1830722237600275,1.1532693920560526,0.029802831703974908,0.029802831703974908
2024-03-15,1.4653074229986556,1.1471993921146388,0.31810803088401673,0.31810803088401673
2024-03-18,1.0676299932649325,1.157678970927025,-0.09004897766209252,0.09004897766209252
2024-03-19,1.0624390005582385,1.2406363684709236,-0.17819736791268515,0.17819736791268515
2024-03-20,1.04009918916795,1.254419473046989,-0.214320283879039,0.214320283879039
2024-03-21,1.2602772131142204,1.2655926825180615,-0.005315469403841089,0.005315469403841089
2024-03-22,1.274710270330732,1.2440337928997205,0.03067647743101154,0.03067647743101154
2024-03-26,1.2771363307873913,1.243539178632556,0.033597152154835275,0.033597152154835275
2024-03-27,1.3908055272918192,1.2266440040125963,0.16416152327922284,0.16416152327922284
2024-03-28,1.4433338667973397,1.2357080299617567,0.207625836835583,0.207625836835583
2024-04-01,1.2335171895209294,1.217951182656446,0.015566006864483395,0.015566006864483395
2024-04-02,1.3716318503352596,1.2248462713877104,0.14678557894754918,0.14678557894754918
2024-04-03,1.4338451587839842,1.2311930894717433,0.2026520693122409,0.2026520693122409
2024-04-04,1.3959855034065678,1.2209674028941293,0.1750181005124385,0.1750181005124385
2024-04-05,1.4052005552184597,1.2060026384934033,0.19919791672505638,0.19919791672505638
2024-04-08,1.3765093665348205,1.2014420900803329,0.1750672764544876,0.1750672764544876
2024-04-09,1.3172044744804037,1.2715536624508843,0.04565081202951937,0.04565081202951937
2024-04-10,1.4027722865112775,1.2742776993098386,0.12849458720143891,0.12849458720143891
2024-04-12,1.4168313044286514,1.298817444733546,0.11801385969510525,0.11801385969510525
2024-04-15,1.2711335523702083,1.2811940067004932,-0.010060454330284907,0.010060454330284907
2024-04-16,1.2974479783847264,1.325471251531899,-0.028023273147172567,0.028023273147172567
2024-04-18,1.389843413603307,1.3228333087736888,0.06701010482961833,0.06701010482961833
2024-04-19,1.2473230318645934,1.3044642909503394,-0.05714125908574608,0.05714125908574608
2024-04-22,1.3624748637444388,1.2933135196018406,0.06916134414259822,0.06916134414259822
2024-04-23,1.374165623636786,1.3484447184429191,0.02572090519386694,0.02572090519386694
2024-04-24,1.42051796425188,1.3430707880865582,0.07744717616532171,0.07744717616532171
2024-04-25,1.4988092003394289,1.310036506020312,0.1887726943191168,0.1887726943191168
2024-04-26,1.4142756385525703,1.2973643324042732,0.11691130614829714,0.11691130614829714
2024-04-29,1.4067861468330405,1.2721529066591797,0.1346332401738608,0.1346332401738608
2024-04-30,1.5640484969512414,1.3059315490525392,0.2581169478987022,0.2581169478987022
2024-05-02,1.4323233949964873,1.301785374229169,0.13053802076731835,0.13053802076731835
2024-05-03,1.574457602510288,1.3001208069839043,0.2743367955263838,0.2743367955263838
2024-05-06,1.3941201295737056,1.2829612527457954,0.11115887682791015,0.11115887682791015
2024-05-07,1.4434947929752993,1.3344460127760385,0.10904878019926079,0.10904878019926079
2024-05-08,1.3784002868653091,1.325345159038741,0.05305512782656807,0.05305512782656807
2024-05-09,1.2696276561485682,1.3472947646610256,-0.0776671085124574,0.0776671085124574
2024-05-10,1.2526455813598174,1.3225538078120664,-0.06990822645224903,0.06990822645224903
2024-05-13,1.210169910947981,1.3141448774849984,-0.10397496653701732,0.10397496653701732
2024-05-14,1.2735705295606394,1.3233352398199534,-0.04976471025931395,0.04976471025931395
2024-05-15,1.3529507486176966,1.319649534294614,0.03330121432308264,0.03330121432308264
2024-05-16,1.4459592184027836,1.3032955574354224,0.14266366096736127,0.14266366096736127
2024-05-17,1.3719900417151172,1.2827905279001273,0.08919951381498992,0.08919951381498992
2024-05-18,0.3140055087955666,1.2552877308335302,-0.9412822220379635,0.9412822220379635
2024-05-21,1.4199348867798207,1.224573355527278,0.19536153125254274,0.19536153125254274
2024-05-22,1.376973134782188,1.2263625519098804,0.15061058287230766,0.15061058287230766
2024-05-23,1.399485586303109,1.2178931362089187,0.18159245009419034,0.18159245009419034
2024-05-24,1.4792738629208215,1.2084847338567821,0.2707891290640394,0.2707891290640394
2024-05-27,1.5695574031209552,1.1874824072353192,0.382074995885636,0.382074995885636
2024-05-28,1.426235796967089,1.2309830979115715,0.19525269905551745,0.19525269905551745
2024-05-29,1.4167167867703334,1.225739162330555,0.1909776244397785,0.1909776244397785
2024-05-30,1.4141982879450965,1.2505849930132817,0.16361329493181476,0.16361329493181476
2024-05-31,1.9338665483907276,1.2537019409099095,0.6801646074808181,0.6801646074808181
2024-06-03,1.6264519554639578,1.2617801528216543,0.3646718026423035,0.3646718026423035
2024-06-04,1.5321467299959353,1.347677432207959,0.18446929778797627,0.18446929778797627
2024-06-05,1.4729111803862251,1.3653091625906586,0.10760201779556655,0.10760201779556655
2024-06-06,1.5176957365901018,1.3945150619391142,0.12318067465098759,0.12318067465098759
2024-06-07,1.631622152537718,1.3772535605788778,0.2543685919588401,0.2543685919588401
2024-06-10,1.5828067413564029,1.3912973863835423,0.1915093549728606,0.1915093549728606
2024-06-11,1.542350946351358,1.402883506088495,0.13946744026286306,0.13946744026286306
2024-06-12,1.5728967515893495,1.4262935408191526,0.1466032107701969,0.1466032107701969
2024-06-13,1.6313228588988251,1.416862944237079,0.21445991466174608,0.21445991466174608
2024-06-14,1.564223537131214,1.384470099805272,0.17975343732594218,0.17975343732594218
2024-06-18,1.588535453296727,1.3809663381868875,0.20756911510983955,0.20756911510983955
2024-06-19,1.5779245318269324,1.397864683411124,0.18005984841580847,0.18005984841580847
2024-06-20,1.5826615309911551,1.3961632883777222,0.18649824261343295,0.18649824261343295
2024-06-21,1.7410006994163012,1.3821094629749542,0.358891236441347,0.358891236441347
2024-06-24,1.5182038168568268,1.3791193392493943,0.13908447760743248,0.13908447760743248
2024-06-25,1.4761929348863152,1.4237482772628767,0.05244465762343853,0.05244465762343853
2024-06-26,1.4871535459163907,1.4251535866353624,0.061999959281028305,0.061999959281028305
2024-06-27,1.630071793339594,1.4269342467756816,0.20313754656391247,0.20313754656391247
2024-06-28,1.4817349736241912,1.4053080427896198,0.0764269308345713,0.0764269308345713
2024-07-01,1.454829567772381,1.3868536625434362,0.06797590522894481,0.06797590522894481
2024-07-02,1.451596690328237,1.4145998644614288,0.03699682586680808,0.03699682586680808
2024-07-03,1.4799685131958642,1.4126262852455047,0.06734222795035949,0.06734222795035949
2024-07-04,1.476676364860107,1.4184358078509562,0.05824055700915065,0.05824055700915065
2024-07-05,1.4841662957053032,1.4055799830795057,0.07858631262579752,0.07858631262579752
2024-07-08,1.4714088238988718,1.377967190433771,0.09344163346510093,0.09344163346510093
2024-07-09,1.5624421104344042,1.3991024385422182,0.163339671892186,0.163339671892186
2024-07-10,1.499891891671017,1.3916454211760687,0.1082464704949484,0.1082464704949484
2024-07-11,1.4834931678518892,1.3927363529398884,0.09075681491200083,0.09075681491200083
2024-07-12,1.527473408945861,1.3759487349726995,0.1515246739731615,0.1515246739731615
2024-07-15,1.576216578589051,1.3563070853712123,0.2199094932178387,0.2199094932178387
2024-07-16,1.5580965461736158,1.386612208833134,0.17148433734048174,0.17148433734048174
2024-07-18,1.6773206303529566,1.3820870248523807,0.295233605500576,0.295233605500576
2024-07-19,1.4673060720800928,1.3672154274388622,0.10009064464123063,0.10009064464123063
2024-07-22,1.4107614102069137,1.3565265887442142,0.054234821462699534,0.054234821462699534
2024-07-23,1.5346597927189942,1.3917222473566195,0.14293754536237468,0.14293754536237468
2024-07-24,1.5126500600795434,1.3856341993600922,0.12701586071945115,0.12701586071945115
2024-07-25,1.5116846198515317,1.3842544987144565,0.1274301211370752,0.1274301211370752
2024-07-26,1.6075464502288883,1.3619802719927658,0.24556617823612248,0.24556617823612248
2024-07-29,1.6083892249674487,1.3475035367580142,0.2608856882094346,0.2608856882094346
2024-07-30,1.5701345002349083,1.3746497627898016,0.19548473744510675,0.19548473744510675
2024-07-31,1.6345354912376036,1.3757058179065775,0.258829673331026,0.258829673331026
2024-08-01,1.6028119972626924,1.3793705486651633,0.22344144859752912,0.22344144859752912
2024-08-02,1.4514130391633722,1.3670054358786903,0.08440760328468189,0.08440760328468189
2024-08-05,1.5198408227406996,1.35343354232598,0.16640728041471964,0.16640728041471964
2024-08-06,1.4371906472610574,1.391871997435534,0.04531864982552336,0.04531864982552336
2024-08-07,1.445975161698072,1.3860361344253225,0.05993902727274958,0.05993902727274958
2024-08-08,1.3666330902770816,1.3846020457217096,-0.017968955444628065,0.017968955444628065
2024-08-09,1.3367950159624284,1.367366640873597,-0.030571624911168493,0.030571624911168493
2024-08-12,1.3883753439749822,1.349323463612837,0.03905188036214513,0.03905188036214513
2024-08-13,1.3262002164623872,1.3618205223157478,-0.03562030585336062,0.03562030585336062
2024-08-14,1.267573385799284,1.3545798377183236,-0.08700645191903966,0.08700645191903966
2024-08-16,1.375311231846881,1.3490146955348143,0.026296536312066632,0.026296536312066632
2024-08-19,1.398584590364561,1.3279248114567874,0.07065977890777364,0.07065977890777364
2024-08-20,1.4427968346462727,1.3571485149677196,0.08564831967855313,0.08564831967855313
2024-08-21,1.4606970535331396,1.346317242973257,0.11437981055988256,0.11437981055988256
2024-08-22,1.4983073727705245,1.3372502903124566,0.16105708245806793,0.16105708245806793
2024-08-23,1.3986210122277003,1.3147165618253502,0.08390445040235006,0.08390445040235006
2024-08-26,1.455182445048858,1.2932686433566936,0.1619138016921644,0.1619138016921644
2024-08-27,1.5298991406397706,1.3256731946350606,0.20422594600471,0.20422594600471
2024-08-28,1.454287301188698,1.3185290915217573,0.13575820966694074,0.13575820966694074
2024-08-29,1.5054187120705178,1.3263990191217871,0.17901969294873066,0.17901969294873066
2024-08-30,1.8004212480678687,1.3096726182064022,0.4907486298614665,0.4907486298614665
2024-09-02,1.356233185336021,1.3037057848502993,0.05252740048572169,0.05252740048572169
2024-09-03,1.3594790203310805,1.3415742628679583,0.017904757463122145,0.017904757463122145
2024-09-04,1.5044922836460508,1.348866164919083,0.15562611872696785,0.15562611872696785
2024-09-05,1.4955495412777695,1.3499639256767293,0.14558561560104022,0.14558561560104022
2024-09-06,1.477996239474887,1.3288837973041692,0.14911244217071773,0.14911244217071773
2024-09-09,1.3407404916531165,1.3122903178757688,0.02845017377734771,0.02845017377734771
2024-09-10,1.3055997079857828,1.3481918017786936,-0.042592093792910735,0.042592093792910735
2024-09-11,1.3163411005683945,1.3410291628250035,-0.024688062256609022,0.024688062256609022
2024-09-12,1.412692435723715,1.332112448028391,0.08057998769532393,0.08057998769532393
2024-09-13,1.435773841848769,1.3113242591419236,0.12444958270684547,0.12444958270684547
2024-09-16,1.3092046773743795,1.3000617849658305,0.009142892408549042,0.009142892408549042
2024-09-17,1.283519477352346,1.3202502418587294,-0.03673076450638346,0.03673076450638346
2024-09-18,1.2686922203790336,1.3200426892249242,-0.05135046884589056,0.05135046884589056
2024-09-19,1.3700156361492537,1.314118049294965,0.055897586854288805,0.055897586854288805
2024-09-20,1.7272260992316637,1.295699277373735,0.4315268218579287,0.4315268218579287
2024-09-23,1.424159816356357,1.2715304926504007,0.15262932370595617,0.15262932370595617
2024-09-24,1.4926557010533148,1.3073497847347684,0.18530591631854643,0.18530591631854643
2024-09-25,1.3931592653575706,1.3003239695502493,0.0928352958073213,0.0928352958073213
2024-09-26,1.4803471441508065,1.3100362621276755,0.17031088202313094,0.17031088202313094
2024-09-27,1.7624626223620543,1.2845041175653624,0.4779585047966919,0.4779585047966919
2024-09-30,1.438220511082703,1.2762195724829957,0.16200093859970743,0.16200093859970743
2024-10-01,1.3287019905354354,1.321528239274874,0.007173751260561412,0.007173751260561412
2024-10-03,1.330583756907064,1.3342596788016234,-0.003675921894559453,0.003675921894559453
2024-10-04,1.3737331350191555,1.3315868593963698,0.04214627562278572,0.04214627562278572
2024-10-07,1.2871615996485115,1.3010800367239228,-0.013918437075411294,0.013918437075411294
2024-10-08,1.274156160971358,1.340718687498524,-0.06656252652716588,0.06656252652716588
2024-10-09,1.2957688064340758,1.332629500418129,-0.03686069398405323,0.03686069398405323
2024-10-10,1.1829491935435943,1.3240347239019195,-0.14108553035832516,0.14108553035832516
2024-10-11,1.0059028844308535,1.2986713530441814,-0.29276846861332784,0.29276846861332784
2024-10-14,1.0167878650269428,1.270206155633289,-0.25341829060634624,0.25341829060634624
2024-10-15,1.2190882840704251,1.2855735867771554,-0.06648530270673025,0.06648530270673025
2024-10-16,1.2374557876878796,1.2794770025383446,-0.04202121485046506,0.04202121485046506
2024-10-17,1.2449756689645042,1.2683389136069525,-0.023363244642448322,0.023363244642448322
2024-10-18,1.1486159065841586,1.24434646325993,-0.09573055667577135,0.09573055667577135
2024-10-21,1.0716228967076469,1.2165405076459535,-0.14491761093830657,0.14491761093830657
2024-10-22,1.1136815097326864,1.2355260860548016,-0.1218445763221152,0.1218445763221152
2024-10-23,1.1524119176846055,1.2276703042276986,-0.07525838654309314,0.07525838654309314
2024-10-24,1.0114584510550793,1.2230126865452342,-0.21155423549015495,0.21155423549015495
2024-10-25,1.08155241949973,1.191065433960621,-0.10951301446089112,0.10951301446089112
2024-10-28,0.9967771856795934,1.1584855238764888,-0.16170833819689545,0.16170833819689545
2024-10-29,1.0217413583805737,1.181778002356272,-0.1600366439756984,0.1600366439756984
2024-10-30,1.154983219569202,1.170164810568649,-0.015181590999447048,0.015181590999447048
2024-10-31,1.1550481715145062,1.176404803677821,-0.021356632163314737,0.021356632163314737
2024-11-01,0.0296699729640489,1.1433234503326979,-1.113653477368649,1.113653477368649
2024-11-04,0.9950569894463838,1.1211945836224617,-0.12613759417607795,0.12613759417607795
2024-11-05,1.055965932313245,1.105138887457916,-0.049172955144670905,0.049172955144670905
2024-11-06,1.2181760501664092,1.1068810125616415,0.11129503760476767,0.11129503760476767
2024-11-07,1.1539256503704016,1.0981003898562902,0.05582526051411141,0.05582526051411141
2024-11-08,0.9966990414192692,1.0804796346422407,-0.08378059322297149,0.08378059322297149
2024-11-11,0.9853618870612396,1.0736984437723007,-0.08833655671106111,0.08833655671106111
2024-11-12,0.976414648348752,1.0749964403846521,-0.09858179203590012,0.09858179203590012
2024-11-13,0.9250495825238092,1.068953268633272,-0.1439036861094627,0.1439036861094627
2024-11-14,0.9238034921860048,1.0606999418083989,-0.1368964496223941,0.1368964496223941
2024-11-18,0.9197440971783978,1.074354271072303,-0.1546101738939053,0.1546101738939053
2024-11-19,0.9761073752898134,1.1085672862515699,-0.13245991096175647,0.13245991096175647
2024-11-21,0.9852176085296124,1.1140229206412149,-0.1288053121116025,0.1288053121116025
2024-11-22,1.0151526452126132,1.100288594592483,-0.08513594937986979,0.08513594937986979
2024-11-25,1.6034579583601247,1.0815956873476373,0.5218622710124874,0.5218622710124874
2024-11-26,1.0194115742041587,1.128469900974293,-0.10905832677013416,0.10905832677013416
2024-11-27,1.0709919528996352,1.1287303783102551,-0.05773842541061991,0.05773842541061991
2024-11-28,1.1745531182190718,1.1214596949185207,0.05309342330055111,0.05309342330055111
2024-11-29,1.1995857950381532,1.1221794220893304,0.0774063729488228,0.0774063729488228
2024-12-02,1.121186289003604,1.0747701080178236,0.046416180985780375,0.046416180985780375
2024-12-03,1.2947727167523773,1.1357505839641306,0.15902213278824662,0.15902213278824662
2024-12-04,1.3116054833961803,1.1267738715788977,0.18483161181728258,0.18483161181728258
2024-12-05,1.2433489748162625,1.1195619663126006,0.12378700850366187,0.12378700850366187
2024-12-06,1.2456393828514891,1.1018909692153973,0.1437484136360918,0.1437484136360918
2024-12-09,1.269821883976734,1.11950635879144,0.1503155251852939,0.1503155251852939
2024-12-10,1.372220585881086,1.1514523919128699,0.22076819396821623,0.22076819396821623
2024-12-11,1.2069627817263748,1.1725698358588403,0.0343929458675345,0.0343929458675345
2024-12-12,1.1938751921708628,1.1892652624093683,0.004609929761494547,0.004609929761494547
2024-12-13,1.1725104008326948,1.1801824567271846,-0.0076720558944898265,0.0076720558944898265
2024-12-16,1.0898829624662754,1.1669337209180604,-0.077050758451785,0.077050758451785
2024-12-17,1.1272176772640403,1.2011389315329535,-0.07392125426891316,0.07392125426891316
2024-12-18,1.0886360761354028,1.1979358895355818,-0.10929981340017902,0.10929981340017902
2024-12-19,1.0751485243483407,1.1997977659239116,-0.12464924157557089,0.12464924157557089
2024-12-20,1.3473781709274404,1.185097868926608,0.16228030200083232,0.16228030200083232
2024-12-23,0.917844680968808,1.1386465651319364,-0.2208018841631284,0.2208018841631284
2024-12-24,0.8476049921815514,1.1658664467399975,-0.3182614545584461,0.3182614545584461
2024-12-26,0.8964410259993696,1.159048184189284,-0.2626071581899143,0.2626071581899143
2024-12-27,0.8837687204407138,1.1503782887409804,-0.2666095683002666,0.2666095683002666
2024-12-30,1.3805490575734412,1.1079619447273577,0.2725871128460835,0.2725871128460835
2024-12-31,0.9970071346766844,1.1341660135036933,-0.13715887882700883,0.13715887882700883
