date,actual,predicted,error,abs_error,prev_actual
2022-04-26,0.8207767078602356,0.8796589424591867,-0.058882234598951144,0.058882234598951144,0.8287753143216643
2022-04-27,0.8380073879193775,0.8630321837592108,-0.025024795839833303,0.025024795839833303,0.8207767078602356
2022-04-28,0.8991854307363274,0.8784044405485443,0.02078099018778312,0.02078099018778312,0.8380073879193775
2022-04-29,0.9524445562957192,0.8942291213561502,0.058215434939569044,0.058215434939569044,0.8991854307363274
2022-05-02,0.6451812886847054,0.8717759974163053,-0.22659470873159993,0.22659470873159993,0.9524445562957192
2022-05-04,0.723778161595648,0.789166768004848,-0.06538860640919997,0.06538860640919997,0.6451812886847054
2022-05-05,0.7230503899288258,0.7886484077716096,-0.06559801784278385,0.06559801784278385,0.723778161595648
2022-05-06,0.7188854882283248,0.7875421074434628,-0.06865661921513799,0.06865661921513799,0.7230503899288258
2022-05-09,0.6423056425668348,0.7487770649897302,-0.10647142242289542,0.10647142242289542,0.7188854882283248
2022-05-10,0.6106998528029759,0.7028710456380429,-0.09217119283506703,0.09217119283506703,0.6423056425668348
2022-05-11,0.6841743970435455,0.6810786793404664,0.0030957177030791483,0.0030957177030791483,0.6106998528029759
2022-05-12,0.6131555818203936,0.6895194126905341,-0.07636383087014043,0.07636383087014043,0.6841743970435455
2022-05-13,0.5708169942300376,0.6780602335715804,-0.10724323934154278,0.10724323934154278,0.6131555818203936
2022-05-16,0.5155815678772384,0.6046923900079887,-0.08911082213075028,0.08911082213075028,0.5708169942300376
2022-05-17,0.6961333794906432,0.5768532533591255,0.11928012613151773,0.11928012613151773,0.5155815678772384
2022-05-18,0.7741153313050545,0.646827669230812,0.12728766207424247,0.12728766207424247,0.6961333794906432
2022-05-19,0.6051539541029016,0.7062258929333277,-0.10107193883042609,0.10107193883042609,0.7741153313050545
2022-05-20,0.7073746204695853,0.6736128234884161,0.03376179698116921,0.03376179698116921,0.6051539541029016
2022-05-23,0.7038562097784336,0.629421821947041,0.07443438783139256,0.07443438783139256,0.7073746204695853
2022-05-24,0.6431616095307747,0.6632430131352399,-0.020081403604465198,0.020081403604465198,0.7038562097784336
2022-05-25,0.6122368183565202,0.6657988400567242,-0.053562021700203966,0.053562021700203966,0.6431616095307747
2022-05-26,0.766521391059002,0.6317575414428624,0.13476384961613952,0.13476384961613952,0.6122368183565202
2022-05-27,0.7609227334101321,0.6977130581739004,0.06320967523623167,0.06320967523623167,0.766521391059002
2022-05-30,0.8177992942287197,0.6778692748558282,0.1399300193728915,0.1399300193728915,0.7609227334101321
2022-05-31,1.291480189560829,0.7215517466857794,0.5699284428750496,0.5699284428750496,0.8177992942287197
2022-06-01,0.7331896263997387,0.9908007018994103,-0.25761107549967155,0.25761107549967155,1.291480189560829
2022-06-02,0.7520271296161348,0.8856074911949736,-0.1335803615788388,0.1335803615788388,0.7331896263997387
2022-06-03,0.7813970471260566,0.8523133099421631,-0.07091626281610652,0.07091626281610652,0.7520271296161348
2022-06-06,0.5954517020161403,0.7903627209850199,-0.19491101896887963,0.19491101896887963,0.7813970471260566
2022-06-07,0.6026087853154182,0.7851433877377278,-0.18253460242230968,0.18253460242230968,0.5954517020161403
2022-06-08,0.6232076032083295,0.7192293334792647,-0.09602173027093519,0.09602173027093519,0.6026087853154182
2022-06-09,0.5371561691336476,0.7126275093262648,-0.17547134019261723,0.17547134019261723,0.6232076032083295
2022-06-10,0.5082228748729217,0.6493505548481303,-0.1411276799752086,0.1411276799752086,0.5371561691336476
2022-06-13,0.4208395843623623,0.5676357063838731,-0.14679612202151077,0.14679612202151077,0.5082228748729217
2022-06-14,0.5469269733959766,0.532844711053573,0.014082262342403618,0.014082262342403618,0.4208395843623623
2022-06-15,0.4525122140562143,0.5573597307711974,-0.1048475167149831,0.1048475167149831,0.5469269733959766
2022-06-16,0.5566154661536936,0.5311113981071613,0.02550406804653227,0.02550406804653227,0.4525122140562143
2022-06-17,0.6756932190913911,0.5729851375455316,0.10270808154585953,0.10270808154585953,0.5566154661536936
2022-06-20,0.4762088503225182,0.5911607958134085,-0.11495194549089033,0.11495194549089033,0.6756932190913911
2022-06-21,0.5123874574936983,0.5278650497023489,-0.015477592208650637,0.015477592208650637,0.4762088503225182
2022-06-22,0.4271351070724542,0.5223982163384944,-0.09526310926604015,0.09526310926604015,0.5123874574936983
2022-06-23,0.4099618554978511,0.4962834424251855,-0.08632158692733444,0.08632158692733444,0.4271351070724542
2022-06-24,0.5756117845423366,0.48534433033429936,0.09026745420803728,0.09026745420803728,0.4099618554978511
2022-06-27,0.5597586727115098,0.48167728439840096,0.07808138831310885,0.07808138831310885,0.5756117845423366
2022-06-28,0.5809661177587082,0.5063530126443245,0.07461310511438368,0.07461310511438368,0.5597586727115098
2022-06-29,0.5968600721016285,0.5021639503682569,0.09469612173337161,0.09469612173337161,0.5809661177587082
2022-06-30,0.565266708853033,0.5414563964707276,0.023810312382305354,0.023810312382305354,0.5968600721016285
2022-07-01,0.4544372863985409,0.5606726220952324,-0.10623533569669147,0.10623533569669147,0.565266708853033
2022-07-04,0.4544638864824867,0.4769101800329225,-0.022446293550435814,0.022446293550435814,0.4544372863985409
2022-07-05,0.6796446741564136,0.46756583944115704,0.21207883471525657,0.21207883471525657,0.4544638864824867
2022-07-06,0.6736084523282152,0.56543883644446,0.10816961588375518,0.10816961588375518,0.6796446741564136
2022-07-07,0.7851377371231651,0.6123041057984738,0.17283363132469132,0.17283363132469132,0.6736084523282152
2022-07-08,0.6254931302543962,0.6833588552598739,-0.05786572500547771,0.05786572500547771,0.7851377371231651
2022-07-11,0.7245086465836066,0.6058618032818892,0.11864684330171738,0.11864684330171738,0.6254931302543962
2022-07-12,0.5812449651488083,0.6619681950582924,-0.0807232299094841,0.0807232299094841,0.7245086465836066
2022-07-13,0.5899894126547718,0.6187247496791018,-0.028735337024330065,0.028735337024330065,0.5812449651488083
2022-07-14,0.5911490460284913,0.6220916103205857,-0.03094256429209441,0.03094256429209441,0.5899894126547718
2022-07-15,0.5875364544047055,0.6041011752202916,-0.01656472081558613,0.01656472081558613,0.5911490460284913
2022-07-18,0.715314679045397,0.5673052197772319,0.1480094592681651,0.1480094592681651,0.5875364544047055
2022-07-19,0.8166806029716442,0.6154244511603121,0.20125615181133216,0.20125615181133216,0.715314679045397
2022-07-20,0.8319031688165208,0.694850619756577,0.1370525490599438,0.1370525490599438,0.8166806029716442
2022-07-21,0.873286237379658,0.7505641026821818,0.12272213469747628,0.12272213469747628,0.8319031688165208
2022-07-22,0.8557222550364701,0.7998608355161914,0.05586141952027879,0.05586141952027879,0.873286237379658
2022-07-25,0.7801013579755859,0.7804832540845248,-0.00038189610893890613,0.00038189610893890613,0.8557222550364701
2022-07-26,0.7495839777716283,0.7721248675812893,-0.022540889809660958,0.022540889809660958,0.7801013579755859
2022-07-27,0.6483333897088277,0.7534608604252824,-0.10512747071645467,0.10512747071645467,0.7495839777716283
2022-07-28,0.8389880920844219,0.7167723027131362,0.12221578937128574,0.12221578937128574,0.6483333897088277
2022-07-29,0.9524036022553296,0.7821352170865896,0.17026838516874,0.17026838516874,0.8389880920844219
2022-08-01,0.9675543212905396,0.8088766997789958,0.15867762151154385,0.15867762151154385,0.9524036022553296
2022-08-02,1.0081424643786676,0.8639141759184001,0.14422828846026747,0.14422828846026747,0.9675543212905396
2022-08-03,0.9425496981246094,0.8992313001542467,0.04331839797036274,0.04331839797036274,1.0081424643786676
2022-08-04,1.0005861174811843,0.916319887248203,0.0842662302329813,0.0842662302329813,0.9425496981246094
2022-08-05,0.9407099682802014,0.9574141465156714,-0.01670417823546999,0.01670417823546999,1.0005861174811843
2022-08-08,0.8474918417520991,0.8949230409982634,-0.047431199246164235,0.047431199246164235,0.9407099682802014
2022-08-10,0.8378534415925186,0.8751810131700852,-0.03732757157756661,0.03732757157756661,0.8474918417520991
2022-08-11,0.9236628578553072,0.8652986034228998,0.05836425443240745,0.05836425443240745,0.8378534415925186
2022-08-12,0.9313947808067706,0.901686425141041,0.029708355665729602,0.029708355665729602,0.9236628578553072
2022-08-16,0.9490391392760872,0.8799697474137516,0.06906939186233563,0.06906939186233563,0.9313947808067706
2022-08-17,1.0410885282625828,0.896872113325039,0.14421641493754378,0.14421641493754378,0.9490391392760872
2022-08-18,0.9723102193059509,0.9426897616681094,0.02962045763784149,0.02962045763784149,1.0410885282625828
2022-08-19,0.9635096084744594,0.9511082194341762,0.012401389040283206,0.012401389040283206,0.9723102193059509
2022-08-22,0.8569977315202737,0.9084207136686646,-0.05142298214839092,0.05142298214839092,0.9635096084744594
2022-08-23,0.9111294770783812,0.873286817586536,0.037842659491845176,0.037842659491845176,0.8569977315202737
2022-08-24,0.9379276621822789,0.8954219849553786,0.04250567722690024,0.04250567722690024,0.9111294770783812
2022-08-25,1.058731770206699,0.9108260955617822,0.14790567464491677,0.14790567464491677,0.9379276621822789
2022-08-26,0.969877378448882,0.9827607902593463,-0.012883411810464263,0.012883411810464263,1.058731770206699
2022-08-29,0.9029704046554085,0.9227280099633757,-0.01975760530796722,0.01975760530796722,0.969877378448882
2022-08-30,1.18736067489168,0.9009023819388953,0.2864582929527848,0.2864582929527848,0.9029704046554085
2022-09-01,0.9239600915308944,1.0298199043087275,-0.10585981277783307,0.10585981277783307,1.18736067489168
2022-09-02,0.9627126861593688,0.9912997491486981,-0.028587062989329337,0.028587062989329337,0.9239600915308944
2022-09-05,0.9611847652324348,0.9394987824814878,0.02168598275094702,0.02168598275094702,0.9627126861593688
2022-09-06,1.0714463116818929,0.9298121206809269,0.14163419100096597,0.14163419100096597,0.9611847652324348
2022-09-07,1.0087839435782,1.0113922136655569,-0.0026082700873568676,0.0026082700873568676,1.0714463116818929
2022-09-08,1.027680747926764,0.9954423458376114,0.03223840208915263,0.03223840208915263,1.0087839435782
2022-09-09,0.9805808718584204,1.0135808718680281,-0.03300000000960779,0.03300000000960779,1.027680747926764
2022-09-12,1.0700444936286682,0.9446383893395465,0.1254061042891217,0.1254061042891217,0.9805808718584204
2022-09-13,1.0671664947160735,0.992080949249158,0.07508554546691548,0.07508554546691548,1.0700444936286682
2022-09-14,1.1491150862669324,1.0082723797478625,0.14084270651906983,0.14084270651906983,1.0671664947160735
2022-09-15,1.0033751941333895,1.0654875619571864,-0.06211236782379692,0.06211236782379692,1.1491150862669324
2022-09-16,1.367068033249928,1.0250816163052074,0.34198641694472065,0.34198641694472065,1.0033751941333895
2022-09-19,0.8690333583235209,1.1500151796118254,-0.2809818212883045,0.2809818212883045,1.367068033249928
2022-09-20,0.9414087090598836,1.03358157669244,-0.0921728676325565,0.0921728676325565,0.8690333583235209
2022-09-21,0.8230626213023381,1.023417766144067,-0.200355144841729,0.200355144841729,0.9414087090598836
2022-09-22,0.9073434158801168,0.9531832271385006,-0.04583981125838377,0.04583981125838377,0.8230626213023381
2022-09-23,0.7756424740991411,1.007682007218206,-0.2320395331190649,0.2320395331190649,0.9073434158801168
2022-09-26,0.8030703236857697,0.8764195716791705,-0.07334924799340081,0.07334924799340081,0.7756424740991411
2022-09-27,0.7580069860062851,0.8791097251652495,-0.12110273915896441,0.12110273915896441,0.8030703236857697
2022-09-28,0.7503116378268763,0.8163662590072498,-0.06605462118037353,0.06605462118037353,0.7580069860062851
2022-09-29,0.8663656269804582,0.8107887765028894,0.05557685047756877,0.05557685047756877,0.7503116378268763
2022-09-30,0.8763958376963396,0.8525925867010666,0.023803250995272918,0.023803250995272918,0.8663656269804582
2022-10-03,0.7252654587743484,0.836067329487217,-0.11080187071286851,0.11080187071286851,0.8763958376963396
2022-10-04,0.7973903088955736,0.7943588389977285,0.003031469897845085,0.003031469897845085,0.7252654587743484
2022-10-06,0.8006782578449169,0.8049370759151675,-0.004258818070250636,0.004258818070250636,0.7973903088955736
2022-10-07,0.7751812629610005,0.8340803219641804,-0.05889905900317982,0.05889905900317982,0.8006782578449169
2022-10-10,0.6225013486819693,0.7576429396064379,-0.13514159092446865,0.13514159092446865,0.7751812629610005
2022-10-11,0.7335387683658322,0.7025266612374197,0.031012107128412514,0.031012107128412514,0.6225013486819693
2022-10-12,0.704434353960258,0.7193063841260604,-0.014872030165802408,0.014872030165802408,0.7335387683658322
2022-10-13,0.6008610480350843,0.7164069049478193,-0.115545856912735,0.115545856912735,0.704434353960258
2022-10-14,0.6159150283166264,0.6843307586422394,-0.06841573032561299,0.06841573032561299,0.6008610480350843
2022-10-17,0.591138723070676,0.6195472060228556,-0.02840848295217957,0.02840848295217957,0.6159150283166264
2022-10-18,0.7877366750129869,0.6029911108808321,0.18474556413215482,0.18474556413215482,0.591138723070676
2022-10-19,0.7052267504786491,0.6975406231387695,0.0076861273398796115,0.0076861273398796115,0.7877366750129869
2022-10-20,0.8407997616655835,0.6947474209057296,0.14605234075985385,0.14605234075985385,0.7052267504786491
2022-10-21,0.7545615722262483,0.7687786944608419,-0.014217122234593593,0.014217122234593593,0.8407997616655835
2022-10-24,-0.3538668199451407,0.7050686490496914,-1.058935468994832,1.058935468994832,0.7545615722262483
2022-10-25,0.7644126439860524,0.4216701122310573,0.34274253175499503,0.34274253175499503,-0.3538668199451407
2022-10-27,0.886498897294188,0.6703843233278115,0.21611457396637646,0.21611457396637646,0.7644126439860524
2022-10-28,0.7385458773548491,0.8279685960418028,-0.08942271868695373,0.08942271868695373,0.886498897294188
2022-10-31,0.8078063900505825,0.8246110408576903,-0.0168046508071078,0.0168046508071078,0.7385458773548491
2022-11-01,0.9019603731454908,0.7454584468374036,0.15650192630808724,0.15650192630808724,0.8078063900505825
2022-11-02,0.9264421803316796,0.8938544789205844,0.03258770141109513,0.03258770141109513,0.9019603731454908
2022-11-03,0.870008441767695,0.9760915015903568,-0.10608305982266186,0.10608305982266186,0.9264421803316796
2022-11-04,0.9525600059772472,0.8665718043528496,0.08598820162439758,0.08598820162439758,0.870008441767695
2022-11-07,0.9763625517498644,0.8613515891034371,0.1150109626464273,0.1150109626464273,0.9525600059772472
2022-11-09,1.0657290102455164,0.9237253487338075,0.14200366151170885,0.14200366151170885,0.9763625517498644
2022-11-10,0.8892746773566819,0.9909399407156676,-0.10166526335898574,0.10166526335898574,1.0657290102455164
2022-11-11,1.045898402273293,0.9447016730298157,0.10119672924347722,0.10119672924347722,0.8892746773566819
2022-11-14,0.9928203483420104,0.9573541572678368,0.03546619107417359,0.03546619107417359,1.045898402273293
2022-11-15,0.918008858849172,0.9421483209944208,-0.024139462145248758,0.024139462145248758,0.9928203483420104
2022-11-16,0.9148978625427256,0.9217438370701732,-0.006845974527447507,0.006845974527447507,0.918008858849172
2022-11-17,0.8308262868645835,0.9043924948319833,-0.07356620796739977,0.07356620796739977,0.9148978625427256
2022-11-18,0.87865006045094,0.8810994179410712,-0.0024493574901311987,0.0024493574901311987,0.8308262868645835
2022-11-21,0.8178192902565887,0.839915277412006,-0.022095987155417274,0.022095987155417274,0.87865006045094
2022-11-22,0.8402386266803397,0.8181150137434374,0.022123612936902237,0.022123612936902237,0.8178192902565887
2022-11-23,0.8816385518507566,0.8256878699199095,0.05595068193084707,0.05595068193084707,0.8402386266803397
2022-11-24,0.9917654320325212,0.8694276167099992,0.12233781532252197,0.12233781532252197,0.8816385518507566
2022-11-25,0.9924627953074262,0.9056518919489069,0.08681090335851926,0.08681090335851926,0.9917654320325212
2022-11-28,1.0614281753293129,0.887272776152656,0.1741553991766569,0.1741553991766569,0.9924627953074262
2022-11-29,0.9520621976057208,0.9521470024516909,-8.480484597017668e-05,8.480484597017668e-05,1.0614281753293129
2022-11-30,1.3797753940116348,0.931875544560236,0.4478998494513988,0.4478998494513988,0.9520621976057208
2022-12-01,1.0892136209556076,1.144001227550036,-0.054787606594428384,0.054787606594428384,1.3797753940116348
2022-12-02,1.0773682327718368,1.1056471660689826,-0.028278933297145814,0.028278933297145814,1.0892136209556076
2022-12-05,1.0210665304645408,1.0557923348283123,-0.034725804363771484,0.034725804363771484,1.0773682327718368
2022-12-06,1.0015087457233554,1.0120322517369587,-0.010523506013603301,0.010523506013603301,1.0210665304645408
2022-12-07,0.9473787653887432,1.049426523439858,-0.10204775805111488,0.10204775805111488,1.0015087457233554
2022-12-08,0.915362461626711,1.006825006395419,-0.09146254476870797,0.09146254476870797,0.9473787653887432
2022-12-09,0.9911250741057815,0.9906353206583938,0.0004897534473877752,0.0004897534473877752,0.915362461626711
2022-12-12,0.890243625644684,0.9328215263305155,-0.04257790068583156,0.04257790068583156,0.9911250741057815
2022-12-13,0.947991895382873,0.9114662995008138,0.03652559588205917,0.03652559588205917,0.890243625644684
2022-12-14,1.011248450772814,0.9257737210009838,0.08547472977183013,0.08547472977183013,0.947991895382873
2022-12-15,0.9259836962450064,0.9566832147456208,-0.030699518500614364,0.030699518500614364,1.011248450772814
2022-12-16,1.0146295610198912,0.9590433885070093,0.05558617251288189,0.05558617251288189,0.9259836962450064
2022-12-19,0.832293920403034,0.9348015741576834,-0.10250765375464943,0.10250765375464943,1.0146295610198912
2022-12-20,0.8448717153034107,0.9041510021402204,-0.05927928683680972,0.05927928683680972,0.832293920403034
2022-12-21,1.0337758281614504,0.8818593890548854,0.15191643910656505,0.15191643910656505,0.8448717153034107
2022-12-22,0.9099980383432742,0.9440393493408334,-0.03404131099755925,0.03404131099755925,1.0337758281614504
2022-12-23,0.899737501822184,0.9351880503973287,-0.035450548575144625,0.035450548575144625,0.9099980383432742
2022-12-26,0.7034958958670016,0.8679397142939282,-0.16444381842692668,0.16444381842692668,0.899737501822184
2022-12-27,0.8028215366854262,0.7982488759440836,0.00457266074134266,0.00457266074134266,0.7034958958670016
2022-12-28,0.8017036807995804,0.8278606235979165,-0.026156942798336025,0.026156942798336025,0.8028215366854262
2022-12-29,0.8750978222278789,0.8144544531514384,0.06064336907644052,0.06064336907644052,0.8017036807995804
2022-12-30,0.8304156259405298,0.8595199291179318,-0.02910430317740209,0.02910430317740209,0.8750978222278789
2023-01-02,0.7272028261833856,0.8116953564678779,-0.08449253028449233,0.08449253028449233,0.8304156259405298
2023-01-03,0.7980621918770952,0.7898716198517002,0.008190572025394971,0.008190572025394971,0.7272028261833856
2023-01-04,0.7625766290109006,0.7997033366045265,-0.03712670759362591,0.03712670759362591,0.7980621918770952
2023-01-05,0.8296748659841805,0.8035317807996418,0.026143085184538672,0.026143085184538672,0.7625766290109006
2023-01-06,0.8318781351681177,0.8272048147580215,0.00467332041009616,0.00467332041009616,0.8296748659841805
2023-01-09,0.6355455773150032,0.7835003730128691,-0.14795479569786596,0.14795479569786596,0.8318781351681177
2023-01-10,0.7120721057784156,0.7434700135736426,-0.031397907795227,0.031397907795227,0.6355455773150032
2023-01-11,0.726665204042527,0.7323717957144097,-0.005706591671882699,0.005706591671882699,0.7120721057784156
2023-01-12,0.6479610170767305,0.7449871541018361,-0.09702613702510565,0.09702613702510565,0.726665204042527
2023-01-13,0.7095940661043308,0.7283766568621276,-0.018782590757796758,0.018782590757796758,0.6479610170767305
2023-01-16,0.6636479880739369,0.6798644237482342,-0.016216435674297314,0.016216435674297314,0.7095940661043308
2023-01-17,0.6261040100641714,0.6800105374405241,-0.05390652737635271,0.05390652737635271,0.6636479880739369
2023-01-18,0.7513596894182601,0.6671491205066851,0.08421056891157508,0.08421056891157508,0.6261040100641714
2023-01-19,0.58221229558121,0.6988585804409577,-0.1166462848597477,0.1166462848597477,0.7513596894182601
2023-01-20,0.6857982726419521,0.667837253378287,0.017961019263665112,0.017961019263665112,0.58221229558121
2023-01-23,0.6306075471938449,0.6472130134400742,-0.016605466246229272,0.016605466246229272,0.6857982726419521
2023-01-24,0.5923175990334901,0.6380914163248369,-0.045773817291346774,0.045773817291346774,0.6306075471938449
2023-01-25,0.6301798967698058,0.6384788864778784,-0.008298989708072635,0.008298989708072635,0.5923175990334901
2023-01-27,0.7424387805588547,0.6436436878095755,0.09879509274927922,0.09879509274927922,0.6301798967698058
2023-01-30,0.6664435667310868,0.6485103002332269,0.01793326649785998,0.01793326649785998,0.7424387805588547
2023-01-31,0.8467993120585495,0.6471801110185763,0.19961920103997322,0.19961920103997322,0.6664435667310868
2023-02-01,0.8590159079921437,0.7322913215410765,0.1267245864510672,0.1267245864510672,0.8467993120585495
2023-02-02,0.6219000304142338,0.7799249878859738,-0.15802495747173995,0.15802495747173995,0.8590159079921437
2023-02-03,0.6714415526204166,0.7324276961467346,-0.06098614352631804,0.06098614352631804,0.6219000304142338
2023-02-06,0.5549737802638135,0.6645696667231404,-0.10959588645932694,0.10959588645932694,0.6714415526204166
2023-02-07,0.6180843748178494,0.6376045927679019,-0.019520217950052543,0.019520217950052543,0.5549737802638135
2023-02-08,0.7100047135196069,0.665080294657416,0.044924418862190896,0.044924418862190896,0.6180843748178494
2023-02-09,0.6461901440056235,0.6784066413011471,-0.03221649729552367,0.03221649729552367,0.7100047135196069
2023-02-10,0.6363916057441866,0.6775528815711223,-0.04116127582693563,0.04116127582693563,0.6461901440056235
2023-02-13,0.5814907167223073,0.608654331711249,-0.02716361498894171,0.02716361498894171,0.6363916057441866
2023-02-14,0.5902686196235892,0.5944209916589195,-0.004152372035330254,0.004152372035330254,0.5814907167223073
2023-02-15,0.6316393151916533,0.6074829858492886,0.02415632934236467,0.02415632934236467,0.5902686196235892
2023-02-16,0.6602193587872707,0.6257733162547432,0.03444604253252748,0.03444604253252748,0.6316393151916533
2023-02-17,0.6803913364948456,0.6434593502928867,0.03693198620195892,0.03693198620195892,0.6602193587872707
2023-02-20,0.6636487831465074,0.6219974755789487,0.04165130756755875,0.04165130756755875,0.6803913364948456
2023-02-21,0.5939012155698467,0.6266574551794076,-0.03275623960956098,0.03275623960956098,0.6636487831465074
2023-02-22,0.6935729705452057,0.603065079474115,0.0905078910710907,0.0905078910710907,0.5939012155698467
2023-02-23,0.7545285173373403,0.6455152962917582,0.10901322104558209,0.10901322104558209,0.6935729705452057
2023-02-24,0.5974418501143244,0.6934639553912796,-0.0960221052769552,0.0960221052769552,0.7545285173373403
2023-02-27,0.6094954780988903,0.609363690030245,0.0001317880686452222,0.0001317880686452222,0.5974418501143244
2023-02-28,0.9491935110294688,0.6028096042711865,0.34638390675828234,0.34638390675828234,0.6094954780988903
2023-03-01,0.5742813626278861,0.7583614134356693,-0.18408005080778322,0.18408005080778322,0.9491935110294688
2023-03-02,0.5160986582061703,0.6888931734836937,-0.17279451527752343,0.17279451527752343,0.5742813626278861
2023-03-03,0.6754906968617981,0.640572147111663,0.034918549750135086,0.034918549750135086,0.5160986582061703
2023-03-06,0.7706933228501465,0.6202621657248827,0.15043115712526378,0.15043115712526378,0.6754906968617981
2023-03-08,0.7679979381022206,0.7336246306258833,0.03437330747633727,0.03437330747633727,0.7706933228501465
2023-03-09,0.7487752746536621,0.7408608132041454,0.007914461449516685,0.007914461449516685,0.7679979381022206
2023-03-10,0.6349233400009404,0.7395621165064085,-0.10463877650546805,0.10463877650546805,0.7487752746536621
2023-03-13,0.6313096139893885,0.6583194512786751,-0.02700983728928663,0.02700983728928663,0.6349233400009404
2023-03-14,0.6435850571287258,0.6562130003816571,-0.012627943252931262,0.012627943252931262,0.6313096139893885
2023-03-15,0.5551888357312447,0.6555968454090865,-0.1004080096778418,0.1004080096778418,0.6435850571287258
2023-03-16,0.6010833232541641,0.6340624073228979,-0.03297908406873373,0.03297908406873373,0.5551888357312447
2023-03-17,0.8868643230231436,0.6275763159573232,0.25928800706582034,0.25928800706582034,0.6010833232541641
2023-03-20,0.5620984508083664,0.7080341064772798,-0.14593565566891342,0.14593565566891342,0.8868643230231436
2023-03-21,0.5611586393333394,0.6534455037534845,-0.09228686442014511,0.09228686442014511,0.5620984508083664
2023-03-22,0.5480734690189987,0.6124741772060953,-0.06440070818709664,0.06440070818709664,0.5611586393333394
2023-03-23,0.6278825399591011,0.5962538999540391,0.03162864000506205,0.03162864000506205,0.5480734690189987
2023-03-24,0.5830782264501616,0.6588075547237832,-0.07572932827362155,0.07572932827362155,0.6278825399591011
2023-03-27,0.6464950142827691,0.5854997870393847,0.060995227243384464,0.060995227243384464,0.5830782264501616
2023-03-28,0.6172332011814773,0.6164692456505336,0.0007639555309436608,0.0007639555309436608,0.6464950142827691
2023-03-29,0.8316401051009829,0.5950997354616738,0.23654036963930902,0.23654036963930902,0.6172332011814773
2023-03-31,0.7479206823218733,0.7106865289553613,0.037234153366511924,0.037234153366511924,0.8316401051009829
2023-04-03,0.632444351950826,0.6892846486951036,-0.056840296744277596,0.056840296744277596,0.7479206823218733
2023-04-05,0.7266933702544895,0.6755046769108828,0.05118869334360676,0.05118869334360676,0.632444351950826
2023-04-06,0.7403062967644314,0.6907992424669053,0.04950705429752611,0.04950705429752611,0.7266933702544895
2023-04-10,0.678386601025161,0.6897148421701507,-0.011328241144989648,0.011328241144989648,0.7403062967644314
2023-04-11,0.7767107063486018,0.6858985048026951,0.09081220154590675,0.09081220154590675,0.678386601025161
2023-04-12,0.8219551639000857,0.6995288093075557,0.12242635459253004,0.12242635459253004,0.7767107063486018
2023-04-13,0.7585467449981621,0.7521850730456623,0.006361671952499814,0.006361671952499814,0.8219551639000857
2023-04-17,0.7572981507955271,0.718580432411475,0.038717718384052136,0.038717718384052136,0.7585467449981621
2023-04-18,0.8512541824165715,0.7113087509447159,0.13994543147185556,0.13994543147185556,0.7572981507955271
2023-04-19,0.8018007017966661,0.7718937150391707,0.02990698675749537,0.02990698675749537,0.8512541824165715
2023-04-20,0.7389879399147348,0.785382536085963,-0.04639459617122821,0.04639459617122821,0.8018007017966661
2023-04-21,0.7318420827953791,0.7512389577580252,-0.019396874962646082,0.019396874962646082,0.7389879399147348
2023-04-24,0.7073339892249522,0.7097315015898769,-0.002397512364924692,0.002397512364924692,0.7318420827953791
2023-04-25,0.7830367058496381,0.7088652683329815,0.07417143751665667,0.07417143751665667,0.7073339892249522
2023-04-26,0.8698778425048195,0.7365782654574377,0.13329957704738182,0.13329957704738182,0.7830367058496381
2023-04-27,0.8998869692067404,0.7882020700198802,0.1116848991868602,0.1116848991868602,0.8698778425048195
2023-04-28,1.0674374790041106,0.8371662270947502,0.23027125190936037,0.23027125190936037,0.8998869692067404
2023-05-02,0.9138623649646948,0.9021306567837657,0.011731708180929057,0.011731708180929057,1.0674374790041106
2023-05-03,0.926793907465274,0.8996454374756526,0.027148469989621393,0.027148469989621393,0.9138623649646948
2023-05-04,0.9843263843203436,0.9102478732539583,0.0740785110663853,0.0740785110663853,0.926793907465274
2023-05-05,0.8571868914972033,0.9348993512838146,-0.07771245978661134,0.07771245978661134,0.9843263843203436
2023-05-08,0.9185682819011456,0.8762129889033965,0.042355292997749094,0.042355292997749094,0.8571868914972033
2023-05-09,1.0403703262788346,0.8809496929631067,0.15942063331572798,0.15942063331572798,0.9185682819011456
2023-05-10,0.9182436196147614,0.9409781225226348,-0.022734502907873377,0.022734502907873377,1.0403703262788346
2023-05-11,0.9477739467125392,0.9308972632556791,0.01687668345686011,0.01687668345686011,0.9182436196147614
2023-05-12,0.8229328810494783,0.9301050649263347,-0.10717218387685645,0.10717218387685645,0.9477739467125392
2023-05-15,0.8471662077534761,0.8448966287005553,0.0022695790529208004,0.0022695790529208004,0.8229328810494783
2023-05-16,0.9932731062192224,0.8598301188270583,0.1334429873921641,0.1334429873921641,0.8471662077534761
2023-05-17,0.928783171904128,0.9107318234431236,0.018051348461004313,0.018051348461004313,0.9932731062192224
2023-05-18,0.9711433501606134,0.9197923020605949,0.05135104810001845,0.05135104810001845,0.928783171904128
2023-05-19,0.9309142153194214,0.9401152913292907,-0.009201076009869302,0.009201076009869302,0.9711433501606134
2023-05-22,0.8177045625066934,0.886025950676276,-0.06832138816958255,0.06832138816958255,0.9309142153194214
2023-05-23,0.8865465596736564,0.8679856068577858,0.018560952815870557,0.018560952815870557,0.8177045625066934
2023-05-24,0.9118124602722316,0.8793746608202706,0.032437799451961014,0.032437799451961014,0.8865465596736564
2023-05-25,0.9259020204936428,0.8944776036879731,0.03142441680566965,0.03142441680566965,0.9118124602722316
2023-05-26,0.9584993590823502,0.9105692731285606,0.04793008595378956,0.04793008595378956,0.9259020204936428
2023-05-29,0.9842434581346048,0.8815495447524775,0.1026939133821273,0.1026939133821273,0.9584993590823502
2023-05-30,0.9085824347193284,0.9052068283523507,0.003375606366977757,0.003375606366977757,0.9842434581346048
2023-05-31,1.4215281501418422,0.903199267396412,0.5183288827454302,0.5183288827454302,0.9085824347193284
2023-06-01,0.9392433318487524,1.154168535114998,-0.21492520326624553,0.21492520326624553,1.4215281501418422
2023-06-02,0.9788261346240978,1.0627550028707062,-0.08392886824660839,0.08392886824660839,0.9392433318487524
2023-06-05,0.971841118458677,1.0157625371058965,-0.043921418647219435,0.043921418647219435,0.9788261346240978
2023-06-06,0.891988950916372,0.9841035745577198,-0.09211462364134781,0.09211462364134781,0.971841118458677
2023-06-07,1.061054654830413,1.0077063756507227,0.053348279179690206,0.053348279179690206,0.891988950916372
2023-06-08,1.0722027980577895,1.032536435484161,0.03966636257362843,0.03966636257362843,1.061054654830413
2023-06-09,0.8841960682848384,1.0590318986410903,-0.17483583035625183,0.17483583035625183,1.0722027980577895
2023-06-12,0.8396794589105667,0.9373294411945445,-0.09764998228397781,0.09764998228397781,0.8841960682848384
2023-06-13,1.0655132045683409,0.898763011208281,0.16675019336005992,0.16675019336005992,0.8396794589105667
2023-06-14,1.0507067403831312,0.9857014986787682,0.06500524170436295,0.06500524170436295,1.0655132045683409
2023-06-15,1.0244719007031522,1.0295327717108114,-0.005060871007659173,0.005060871007659173,1.0507067403831312
2023-06-16,1.1958453221650551,1.027040058724318,0.1688052634407371,0.1688052634407371,1.0244719007031522
2023-06-19,1.0263578163743354,1.0538057085775088,-0.02744789220317334,0.02744789220317334,1.1958453221650551
2023-06-20,1.0438951591765917,1.0624438402120737,-0.018548681035482018,0.018548681035482018,1.0263578163743354
2023-06-21,1.0677461897891596,1.041392985437198,0.026353204351961645,0.026353204351961645,1.0438951591765917
2023-06-22,1.0405478638218504,1.0373643921291418,0.003183471692708606,0.003183471692708606,1.0677461897891596
2023-06-23,0.9417085062414106,1.058007162921981,-0.11629865668057038,0.11629865668057038,1.0405478638218504
2023-06-26,0.8668679724132926,0.9662552437945149,-0.09938727138122228,0.09938727138122228,0.9417085062414106
2023-06-27,0.9692879156680944,0.9364038843179934,0.032884031350100984,0.032884031350100984,0.8668679724132926
2023-06-28,1.0694745236118406,0.9583207024011042,0.11115382121073636,0.11115382121073636,0.9692879156680944
2023-06-30,1.048282782637436,1.0022947736436496,0.0459880089937863,0.0459880089937863,1.0694745236118406
2023-07-03,1.0016539576742705,0.9870729673293956,0.014580990344874811,0.014580990344874811,1.048282782637436
2023-07-04,0.994269801163331,0.978753824208402,0.015515976954929012,0.015515976954929012,1.0016539576742705
2023-07-05,1.0529494382342108,0.9856803448676337,0.06726909336657716,0.06726909336657716,0.994269801163331
2023-07-06,1.1924200717016176,1.0277278471439488,0.16469222455766874,0.16469222455766874,1.0529494382342108
2023-07-07,1.13912236226875,1.104015051715831,0.03510731055291916,0.03510731055291916,1.1924200717016176
2023-07-10,0.9977776661356536,1.0629061622919902,-0.06512849615633665,0.06512849615633665,1.13912236226875
2023-07-11,1.048158905724791,1.0300505103792965,0.018108395345494577,0.018108395345494577,0.9977776661356536
2023-07-12,1.0648851670099455,1.0420765466361435,0.022808620373802047,0.022808620373802047,1.048158905724791
2023-07-13,1.0979722978176798,1.0553377355483324,0.042634562269347365,0.042634562269347365,1.0648851670099455
2023-07-14,1.056344303516309,1.0806578874884138,-0.024313583972104924,0.024313583972104924,1.0979722978176798
2023-07-17,1.1406004082007328,1.017028568657772,0.1235718395429608,0.1235718395429608,1.056344303516309
2023-07-18,1.0163276780442934,1.0506261461165232,-0.034298468072229804,0.034298468072229804,1.1406004082007328
2023-07-19,1.039547751539594,1.033582319216276,0.00596543232331781,0.00596543232331781,1.0163276780442934
2023-07-20,1.0819544583723535,1.0385053434977218,0.043449114874631656,0.043449114874631656,1.039547751539594
2023-07-21,1.0736351039938732,1.0529485931066132,0.020686510887260035,0.020686510887260035,1.0819544583723535
2023-07-24,1.0862292021803543,1.0279331754986394,0.05829602668171496,0.05829602668171496,1.0736351039938732
2023-07-25,1.05652959922236,1.0394667392474424,0.017062859974917632,0.017062859974917632,1.0862292021803543
2023-07-26,1.0487422924457126,1.0449770126562101,0.0037652797895024737,0.0037652797895024737,1.05652959922236
2023-07-27,1.190420843759668,1.0407742929222845,0.14964655083738343,0.14964655083738343,1.0487422924457126
2023-07-28,1.2280851259708463,1.1043394695035555,0.12374565646729074,0.12374565646729074,1.190420843759668
2023-07-31,1.2371379535964495,1.113900620857393,0.12323733273905657,0.12323733273905657,1.2280851259708463
2023-08-01,1.1918429271377766,1.150860373290979,0.04098255384679761,0.04098255384679761,1.2371379535964495
2023-08-02,1.164525173840879,1.1527658368651275,0.0117593369757516,0.0117593369757516,1.1918429271377766
2023-08-03,1.109355812511922,1.158032778650804,-0.04867696613888195,0.04867696613888195,1.164525173840879
2023-08-04,1.1372201281407002,1.14036367612997,-0.003143547989269857,0.003143547989269857,1.109355812511922
2023-08-07,1.0204494122884125,1.0955421040689575,-0.075092691780545,0.075092691780545,1.1372201281407002
2023-08-08,1.0452718075812617,1.0687133826912356,-0.02344157510997391,0.02344157510997391,1.0204494122884125
2023-08-09,1.1071317972151316,1.0652038852299157,0.04192791198521584,0.04192791198521584,1.0452718075812617
2023-08-10,1.116448233424578,1.0798110298502166,0.0366372035743614,0.0366372035743614,1.1071317972151316
2023-08-11,1.0688816030114878,1.1015930066348705,-0.03271140362338265,0.03271140362338265,1.116448233424578
2023-08-14,0.9469498375140748,1.038967518348421,-0.09201768083434625,0.09201768083434625,1.0688816030114878
2023-08-16,0.9394075994597504,1.0107197808633326,-0.0713121814035822,0.0713121814035822,0.9469498375140748
2023-08-17,0.921334097242268,1.0082015512557938,-0.0868674540135258,0.0868674540135258,0.9394075994597504
2023-08-18,1.057252067812002,1.0005958194852806,0.05665624832672145,0.05665624832672145,0.921334097242268
2023-08-21,0.9054691140395686,0.9986686613165718,-0.09319954727700319,0.09319954727700319,1.057252067812002
2023-08-22,0.9986310378396416,0.9540092631602008,0.04462177467944073,0.04462177467944073,0.9054691140395686
2023-08-23,1.1622965872427795,0.9728016291430874,0.18949495809969208,0.18949495809969208,0.9986310378396416
2023-08-24,1.1253483668496609,1.0543407154048408,0.07100765144482013,0.07100765144482013,1.1622965872427795
2023-08-25,0.975703981334989,1.1020572309084806,-0.1263532495734916,0.1263532495734916,1.1253483668496609
2023-08-28,0.979006541973768,0.9936865654034182,-0.014680023429650135,0.014680023429650135,0.975703981334989
2023-08-29,1.1409355886330366,0.982607807474386,0.15832778115865054,0.15832778115865054,0.979006541973768
2023-08-30,1.2052955006520685,1.0657107573977362,0.13958474325433223,0.13958474325433223,1.1409355886330366
2023-08-31,1.5177448129912694,1.1287838041936962,0.3889610087975732,0.3889610087975732,1.2052955006520685
2023-09-01,1.2573986285276224,1.3032713359800998,-0.0458727074524774,0.0458727074524774,1.5177448129912694
2023-09-04,1.36677443610857,1.2280162597307238,0.13875817637784627,0.13875817637784627,1.2573986285276224
2023-09-05,1.4016339108861775,1.2922957024053507,0.10933820848082676,0.10933820848082676,1.36677443610857
2023-09-06,1.2886014424364045,1.3316987598601477,-0.04309731742374323,0.04309731742374323,1.4016339108861775
2023-09-07,1.2546457731465426,1.3350777042239699,-0.0804319310774273,0.0804319310774273,1.2886014424364045
2023-09-08,1.357028672527698,1.2871911906752591,0.06983748185243899,0.06983748185243899,1.2546457731465426
2023-09-11,1.322534766826167,1.27710586880882,0.045428898017347175,0.045428898017347175,1.357028672527698
2023-09-12,1.3749505903914945,1.2860330801478381,0.08891751024365635,0.08891751024365635,1.322534766826167
2023-09-13,1.249747406887861,1.3125735610494649,-0.06282615416160398,0.06282615416160398,1.3749505903914945
2023-09-14,1.2163796824049662,1.2752832461430659,-0.058903563738099685,0.058903563738099685,1.249747406887861
2023-09-15,1.584968350594567,1.263482839768817,0.32148551082575016,0.32148551082575016,1.2163796824049662
2023-09-18,1.217749847899712,1.368984314512085,-0.15123446661237305,0.15123446661237305,1.584968350594567
2023-09-20,1.1992892266599593,1.318255781513913,-0.1189665548539538,0.1189665548539538,1.217749847899712
2023-09-21,1.0996401054907168,1.287490094840741,-0.18784998935002428,0.18784998935002428,1.1992892266599593
2023-09-22,1.1012601124546295,1.2137086340190189,-0.11244852156438934,0.11244852156438934,1.0996401054907168
2023-09-25,1.086122626773476,1.1926070310570966,-0.1064844042836206,0.1064844042836206,1.1012601124546295
2023-09-26,1.009075988700714,1.1632411204089879,-0.15416513170827395,0.15416513170827395,1.086122626773476
2023-09-27,1.095805119320641,1.1311873637441694,-0.03538224442352833,0.03538224442352833,1.009075988700714
2023-09-28,1.27709615549929,1.1076008697120667,0.16949528578722317,0.16949528578722317,1.095805119320641
2023-09-29,1.0714190455511736,1.1983164618871642,-0.1268974163359906,0.1268974163359906,1.27709615549929
2023-10-03,1.1427892722308104,1.1134883868660226,0.02930088536478781,0.02930088536478781,1.0714190455511736
2023-10-04,1.155193893398327,1.1364181797157105,0.018775713682616546,0.018775713682616546,1.1427892722308104
2023-10-05,1.0216470708452814,1.1463126641496717,-0.12466559330439031,0.12466559330439031,1.155193893398327
2023-10-06,1.0092660717407034,1.1286540971752317,-0.11938802543452831,0.11938802543452831,1.0216470708452814
2023-10-09,0.9608134443734322,1.0582751274745112,-0.09746168310107906,0.09746168310107906,1.0092660717407034
2023-10-10,0.9980865226123355,1.020942900863273,-0.02285637825093756,0.02285637825093756,0.9608134443734322
2023-10-11,1.2060847309564455,1.0193592124772608,0.18672551847918473,0.18672551847918473,0.9980865226123355
2023-10-12,1.1525083963784526,1.1006994828900305,0.05180891348842209,0.05180891348842209,1.2060847309564455
2023-10-13,1.0866592263517203,1.1224245828029746,-0.03576535645125434,0.03576535645125434,1.1525083963784526
2023-10-16,1.1132197551507697,1.0622724466902336,0.05094730846053608,0.05094730846053608,1.0866592263517203
2023-10-17,1.1824606809755371,1.0741846134231843,0.10827606755235286,0.10827606755235286,1.1132197551507697
2023-10-18,1.2185374014089567,1.1215562238792842,0.0969811775296725,0.0969811775296725,1.1824606809755371
2023-10-19,1.0375073107847324,1.1706927850883717,-0.13318547430363936,0.13318547430363936,1.2185374014089567
2023-10-20,1.060206543556699,1.1058939433880732,-0.045687399831374265,0.045687399831374265,1.0375073107847324
2023-10-23,1.007144749854172,1.0547971224790302,-0.04765237262485833,0.04765237262485833,1.060206543556699
2023-10-25,0.9754589726168448,1.04963301702219,-0.07417404440534514,0.07417404440534514,1.007144749854172
2023-10-26,1.0155932349436947,1.040959447400388,-0.02536621245669335,0.02536621245669335,0.9754589726168448
2023-10-27,0.9986491237641052,1.0386228097269972,-0.03997368596289197,0.03997368596289197,1.0155932349436947
2023-10-30,0.9153696996772008,0.9864478610729126,-0.07107816139571177,0.07107816139571177,0.9986491237641052
2023-10-31,0.9857109422323334,0.9431109330550429,0.042600009177290454,0.042600009177290454,0.9153696996772008
2023-11-01,0.978878350462762,0.9630546022108464,0.01582374825191557,0.01582374825191557,0.9857109422323334
2023-11-02,0.9786576864059736,0.9699140114141356,0.008743674991838035,0.008743674991838035,0.978878350462762
2023-11-03,1.0896747536278668,0.9774067764858396,0.11226797714202719,0.11226797714202719,0.9786576864059736
2023-11-06,1.08488063846482,0.9840249279427131,0.10085571052210685,0.10085571052210685,1.0896747536278668
2023-11-07,1.0680592271769611,1.0208679918403325,0.04719123533662861,0.04719123533662861,1.08488063846482
2023-11-08,1.1598381257673112,1.03585388367483,0.12398424209248127,0.12398424209248127,1.0680592271769611
2023-11-09,1.1674632709952897,1.0745720990744425,0.09289117192084717,0.09289117192084717,1.1598381257673112
2023-11-10,1.0296467675111218,1.1115195731138086,-0.08187280560268673,0.08187280560268673,1.1674632709952897
2023-11-12,-0.0532525787180852,1.0861083940409062,-1.1393609727589915,1.1393609727589915,1.0296467675111218
2023-11-13,0.982834839517039,0.7193709569666621,0.2634638825503769,0.2634638825503769,-0.0532525787180852
2023-11-15,1.180990075202001,0.9449797845397014,0.23601029066229962,0.23601029066229962,0.982834839517039
2023-11-16,1.1508039571038424,1.1043362934243466,0.04646766367949584,0.04646766367949584,1.180990075202001
2023-11-17,1.1266203719665795,1.1985626289126763,-0.0719422569460968,0.0719422569460968,1.1508039571038424
2023-11-20,0.957198089348293,1.0760669127443199,-0.11886882339602689,0.11886882339602689,1.1266203719665795
2023-11-21,1.0457713565657718,1.1015992670493426,-0.05582791048357083,0.05582791048357083,0.957198089348293
2023-11-22,1.0748553052722924,1.157530861758314,-0.08267555648602154,0.08267555648602154,1.0457713565657718
2023-11-23,1.0042812857289125,1.0892416667321998,-0.08496038100328729,0.08496038100328729,1.0748553052722924
2023-11-24,1.0074659335037812,1.0756419641116692,-0.06817603060788802,0.06817603060788802,1.0042812857289125
2023-11-28,1.0899172978882157,1.01734792346188,0.0725693744263356,0.0725693744263356,1.0074659335037812
2023-11-29,1.216667359041234,1.0603440687550618,0.1563232902861722,0.1563232902861722,1.0899172978882157
2023-11-30,1.6486570659926754,1.1417802566878914,0.506876809304784,0.506876809304784,1.216667359041234
2023-12-01,1.2909943551576752,1.3861443519500807,-0.09514999679240543,0.09514999679240543,1.6486570659926754
2023-12-04,1.4332404620628392,1.2764289115721905,0.15681155049064865,0.15681155049064865,1.2909943551576752
2023-12-05,1.363060291042787,1.3371887333451165,0.025871557697670466,0.025871557697670466,1.4332404620628392
2023-12-06,1.3412428970960864,1.3387320078506537,0.002510889245432635,0.002510889245432635,1.363060291042787
2023-12-07,1.328558933691811,1.3763942062479644,-0.047835272556153274,0.047835272556153274,1.3412428970960864
2023-12-08,1.3344490203320534,1.3344667939282668,-1.7773596213466192e-05,1.7773596213466192e-05,1.328558933691811
2023-12-11,1.277304163144031,1.2947557059909671,-0.017451542846936174,0.017451542846936174,1.3344490203320534
2023-12-12,1.196163496403728,1.2640255403400136,-0.06786204393628559,0.06786204393628559,1.277304163144031
2023-12-13,1.2323484605811974,1.2718182539945704,-0.03946979341337298,0.03946979341337298,1.196163496403728
2023-12-14,1.376101617617098,1.235904638234359,0.1401969793827389,0.1401969793827389,1.2323484605811974
2023-12-15,1.6134604192451876,1.293350494287772,0.3201099249574155,0.3201099249574155,1.376101617617098
2023-12-18,1.398021980149971,1.3932383846584657,0.004783595491505199,0.004783595491505199,1.6134604192451876
2023-12-19,1.3401119759301188,1.370049033336476,-0.029937057406357326,0.029937057406357326,1.398021980149971
2023-12-20,1.4324880561975293,1.3653939207810226,0.06709413541650666,0.06709413541650666,1.3401119759301188
2023-12-21,1.2054321760879894,1.3847026624710357,-0.17927048638304632,0.17927048638304632,1.4324880561975293
2023-12-22,1.2582389853710014,1.3445531407263465,-0.08631415535534503,0.08631415535534503,1.2054321760879894
2023-12-26,1.186668125649316,1.2866640848198196,-0.09999595917050375,0.09999595917050375,1.2582389853710014
2023-12-27,1.3157166321306475,1.262188918195372,0.053527713935275445,0.053527713935275445,1.186668125649316
2023-12-28,1.493523258738909,1.2973896962068383,0.1961335625320706,0.1961335625320706,1.3157166321306475
2023-12-29,1.4121839013464907,1.373640341825138,0.0385435595213528,0.0385435595213528,1.493523258738909
2024-01-01,1.160022284617563,1.3567726283340313,-0.19675034371646838,0.19675034371646838,1.4121839013464907
2024-01-02,1.3531980660260376,1.2805522450673619,0.07264582095867578,0.07264582095867578,1.160022284617563
2024-01-03,1.3067119367452522,1.3277589595576451,-0.0210470228123929,0.0210470228123929,1.3531980660260376
2024-01-04,1.4831334962954856,1.3544442673227326,0.12868922897275303,0.12868922897275303,1.3067119367452522
2024-01-05,1.372592197085425,1.4418120028195214,-0.06921980573409647,0.06921980573409647,1.4831334962954856
2024-01-08,1.185036082136915,1.3529169906511205,-0.16788090851420545,0.16788090851420545,1.372592197085425
2024-01-09,1.2101646997068602,1.3023420441343625,-0.09217734442750225,0.09217734442750225,1.185036082136915
2024-01-10,1.2043817607957383,1.2854104837238811,-0.08102872292814278,0.08102872292814278,1.2101646997068602
2024-01-11,1.274783952961096,1.2882569343998818,-0.013472981438785725,0.013472981438785725,1.2043817607957383
2024-01-12,1.29856637164294,1.309694748536622,-0.011128376893681846,0.011128376893681846,1.274783952961096
2024-01-15,1.339932661947708,1.2654110705287256,0.07452159141898251,0.07452159141898251,1.29856637164294
2024-01-16,1.3202333608787584,1.2841484905060412,0.03608487037271724,0.03608487037271724,1.339932661947708
2024-01-17,1.2907721253214255,1.305163089195839,-0.01439096387441352,0.01439096387441352,1.3202333608787584
2024-01-18,1.2877523407383444,1.306090036701779,-0.018337695963434486,0.018337695963434486,1.2907721253214255
2024-01-19,1.2890668785645782,1.2996383382842303,-0.01057145971965201,0.01057145971965201,1.2877523407383444
2024-01-20,0.9519936727562448,1.3168338994423556,-0.3648402266861108,0.3648402266861108,1.2890668785645782
2024-01-23,1.331852186576972,1.1779063889761534,0.1539457976008185,0.1539457976008185,0.9519936727562448
2024-01-24,1.3220973914698884,1.280569872106655,0.0415275193632334,0.0415275193632334,1.331852186576972
2024-01-25,1.3545473110079391,1.3070709397612665,0.04747637124667259,0.04747637124667259,1.3220973914698884
2024-01-29,1.3957463463701738,1.3070711462751097,0.08867520009506413,0.08867520009506413,1.3545473110079391
2024-01-30,1.373222776051114,1.3151791080630166,0.05804366798809735,0.05804366798809735,1.3957463463701738
2024-01-31,1.5266789336009206,1.3720592027022442,0.1546197308986763,0.1546197308986763,1.373222776051114
2024-02-01,1.377555598516019,1.452250561173262,-0.07469496265724285,0.07469496265724285,1.5266789336009206
2024-02-02,1.4433388210221811,1.4073047717944573,0.0360340492277238,0.0360340492277238,1.377555598516019
2024-02-05,1.4248721024185125,1.3863332646416164,0.03853883777689604,0.03853883777689604,1.4433388210221811
2024-02-06,1.456820877581798,1.3902321032456322,0.06658877433616572,0.06658877433616572,1.4248721024185125
2024-02-07,1.4404881065264126,1.4356163827984993,0.004871723727913224,0.004871723727913224,1.456820877581798
2024-02-08,1.3425688871956138,1.4313012923487511,-0.0887324051531373,0.0887324051531373,1.4404881065264126
2024-02-09,1.3073162892937875,1.4084021977121353,-0.10108590841834775,0.10108590841834775,1.3425688871956138
2024-02-12,1.1891653030951752,1.326378326838325,-0.1372130237431497,0.1372130237431497,1.3073162892937875
2024-02-13,1.1504510118675142,1.2912782528429532,-0.14082724097543897,0.14082724097543897,1.1891653030951752
2024-02-14,1.195987720442422,1.2644135937287349,-0.06842587328631278,0.06842587328631278,1.1504510118675142
2024-02-15,1.2333583164679482,1.263749912421257,-0.03039159595330876,0.03039159595330876,1.195987720442422
2024-02-16,1.3219612645542975,1.2769316718520562,0.04502959270224127,0.04502959270224127,1.2333583164679482
2024-02-19,1.194173914956702,1.259273145894991,-0.06509923093828895,0.06509923093828895,1.3219612645542975
2024-02-20,1.210934225123259,1.2340328209046307,-0.023098595781371634,0.023098595781371634,1.194173914956702
2024-02-21,1.2823007807319218,1.2418473047678833,0.04045347596403848,0.04045347596403848,1.210934225123259
2024-02-22,1.197290718156578,1.2663670185428924,-0.0690763003863144,0.0690763003863144,1.2823007807319218
2024-02-23,1.2064514671459858,1.2595782752283968,-0.05312680808241099,0.05312680808241099,1.197290718156578
2024-02-26,1.1255623849565377,1.2011526300644375,-0.0755902451078998,0.0755902451078998,1.2064514671459858
2024-02-27,1.185016148145248,1.1712340246664672,0.013782123478780717,0.013782123478780717,1.1255623849565377
2024-02-28,1.2359424713583735,1.1839915508169092,0.05195092054146433,0.05195092054146433,1.185016148145248
2024-02-29,1.608581878579435,1.2005416545504872,0.4080402240289478,0.4080402240289478,1.2359424713583735
2024-03-01,1.1773624129362097,1.4087399707927921,-0.23137755785658243,0.23137755785658243,1.608581878579435
2024-03-02,-0.1570316162802664,1.3114620098817227,-1.468493626161989,1.468493626161989,1.1773624129362097
2024-03-04,1.1892324514747312,0.8615668520429551,0.3276655994317761,0.3276655994317761,-0.1570316162802664
2024-03-05,1.2222736067160531,1.1297731133477409,0.09250049336831223,0.09250049336831223,1.1892324514747312
2024-03-06,1.2240336653963142,1.2883633143031754,-0.06432964890686121,0.06432964890686121,1.2222736067160531
2024-03-07,1.2224845336958972,1.3647711800470392,-0.14228664635114208,0.14228664635114208,1.2240336653963142
2024-03-11,1.1919709628684492,1.2161962269767537,-0.0242252641083045,0.0242252641083045,1.2224845336958972
2024-03-12,1.1615345577349845,1.320515671702164,-0.1589811139671795,0.1589811139671795,1.1919709628684492
2024-03-13,1.2889049998242703,1.3390402996781656,-0.05013529985389531,0.05013529985389531,1.1615345577349845
2024-03-14,1.1830722237600275,1.2663983311944431,-0.0833261074344156,0.0833261074344156,1.2889049998242703
2024-03-15,1.4653074229986556,1.2493069497504201,0.21600047324823546,0.21600047324823546,1.1830722237600275
2024-03-18,1.0676299932649325,1.3291372577655751,-0.26150726450064266,0.26150726450064266,1.4653074229986556
2024-03-19,1.0624390005582385,1.2320411369971394,-0.16960213643890087,0.16960213643890087,1.0676299932649325
2024-03-20,1.04009918916795,1.2192637996323499,-0.1791646104643998,0.1791646104643998,1.0624390005582385
2024-03-21,1.2602772131142204,1.1613677719803035,0.09890944113391686,0.09890944113391686,1.04009918916795
2024-03-22,1.274710270330732,1.244105738664135,0.030604531666597046,0.030604531666597046,1.2602772131142204
2024-03-26,1.2771363307873913,1.2113675517398317,0.06576877904755962,0.06576877904755962,1.274710270330732
2024-03-27,1.3908055272918192,1.242523024547247,0.14828250274457222,0.14828250274457222,1.2771363307873913
2024-03-28,1.4433338667973397,1.294880369402347,0.1484534973949927,0.1484534973949927,1.3908055272918192
2024-04-01,1.2335171895209294,1.338873233031829,-0.10535604351089956,0.10535604351089956,1.4433338667973397
2024-04-02,1.3716318503352596,1.2751025445323871,0.09652930580287244,0.09652930580287244,1.2335171895209294
2024-04-03,1.4338451587839842,1.3145195136099792,0.11932564517400501,0.11932564517400501,1.3716318503352596
2024-04-04,1.3959855034065678,1.4166982143669662,-0.020712710960398395,0.020712710960398395,1.4338451587839842
2024-04-05,1.4052005552184597,1.3932795774494453,0.011920977769014351,0.011920977769014351,1.3959855034065678
2024-04-08,1.3765093665348205,1.3451964455231888,0.031312921011631634,0.031312921011631634,1.4052005552184597
2024-04-09,1.3172044744804037,1.3431899768088584,-0.025985502328454757,0.025985502328454757,1.3765093665348205
2024-04-10,1.4027722865112775,1.3336399846258469,0.06913230188543062,0.06913230188543062,1.3172044744804037
2024-04-12,1.4168313044286514,1.3627253680189049,0.05410593640974648,0.05410593640974648,1.4027722865112775
2024-04-15,1.2711335523702083,1.3401716466641747,-0.06903809429396635,0.06903809429396635,1.4168313044286514
2024-04-16,1.2974479783847264,1.297637022834168,-0.00018904444944167764,0.00018904444944167764,1.2711335523702083
2024-04-18,1.389843413603307,1.3059604779294203,0.08388293567388683,0.08388293567388683,1.2974479783847264
2024-04-19,1.2473230318645934,1.355367459869678,-0.10804442800508474,0.10804442800508474,1.389843413603307
2024-04-22,1.3624748637444388,1.2958228678784953,0.0666519958659435,0.0666519958659435,1.2473230318645934
2024-04-23,1.374165623636786,1.314135109685329,0.060030513951456976,0.060030513951456976,1.3624748637444388
2024-04-24,1.42051796425188,1.3387132869276233,0.08180467732425667,0.08180467732425667,1.374165623636786
2024-04-25,1.4988092003394289,1.382190475925231,0.11661872441419785,0.11661872441419785,1.42051796425188
2024-04-26,1.4142756385525703,1.4268998312486025,-0.01262419269603221,0.01262419269603221,1.4988092003394289
2024-04-29,1.4067861468330405,1.3832781502625604,0.023507996570480083,0.023507996570480083,1.4142756385525703
2024-04-30,1.5640484969512414,1.3834863763160399,0.1805621206352015,0.1805621206352015,1.4067861468330405
2024-05-02,1.4323233949964873,1.4598603219381276,-0.02753692694164034,0.02753692694164034,1.5640484969512414
2024-05-03,1.574457602510288,1.4589915041958603,0.11546609831442778,0.11546609831442778,1.4323233949964873
2024-05-06,1.3941201295737056,1.4651887020318302,-0.07106857245812459,0.07106857245812459,1.574457602510288
2024-05-07,1.4434947929752993,1.41560524990944,0.027889543065859224,0.027889543065859224,1.3941201295737056
2024-05-08,1.3784002868653091,1.4442954757027753,-0.06589518883746615,0.06589518883746615,1.4434947929752993
2024-05-09,1.2696276561485682,1.4152304918406318,-0.14560283569206356,0.14560283569206356,1.3784002868653091
2024-05-10,1.2526455813598174,1.3912974239338936,-0.13865184257407615,0.13865184257407615,1.2696276561485682
2024-05-13,1.210169910947981,1.3097997339841854,-0.09962982303620427,0.09962982303620427,1.2526455813598174
2024-05-14,1.2735705295606394,1.2921551909159872,-0.018584661355347754,0.018584661355347754,1.210169910947981
2024-05-15,1.3529507486176966,1.2966388012816383,0.056311947336058266,0.056311947336058266,1.2735705295606394
2024-05-16,1.4459592184027836,1.3363497909967368,0.10960942740604684,0.10960942740604684,1.3529507486176966
2024-05-17,1.3719900417151172,1.3920277130550676,-0.02003767133995038,0.02003767133995038,1.4459592184027836
2024-05-18,0.3140055087955666,1.388809315305043,-1.0748038065094763,1.0748038065094763,1.3719900417151172
2024-05-21,1.4199348867798207,1.0601559911971123,0.35977889558270837,0.35977889558270837,0.3140055087955666
2024-05-22,1.376973134782188,1.3119397900227718,0.06503334475941625,0.06503334475941625,1.4199348867798207
2024-05-23,1.399485586303109,1.406628825911165,-0.007143239608055962,0.007143239608055962,1.376973134782188
2024-05-24,1.4792738629208215,1.488480688610648,-0.009206825689826559,0.009206825689826559,1.399485586303109
2024-05-27,1.5695574031209552,1.3907174255147563,0.17883997760619885,0.17883997760619885,1.4792738629208215
2024-05-28,1.426235796967089,1.5528577467732911,-0.12662194980620223,0.12662194980620223,1.5695574031209552
2024-05-29,1.4167167867703334,1.5489658029798432,-0.1322490162095098,0.1322490162095098,1.426235796967089
2024-05-30,1.4141982879450965,1.4424844488335185,-0.028286160888421952,0.028286160888421952,1.4167167867703334
2024-05-31,1.9338665483907276,1.4511767922122902,0.48268975617843735,0.48268975617843735,1.4141982879450965
2024-06-03,1.6264519554639578,1.6617034380585152,-0.03525148259455735,0.03525148259455735,1.9338665483907276
2024-06-04,1.5321467299959353,1.63926438921646,-0.10711765922052474,0.10711765922052474,1.6264519554639578
2024-06-05,1.4729111803862251,1.6085598630677937,-0.1356486826815686,0.1356486826815686,1.5321467299959353
2024-06-06,1.5176957365901018,1.5619606595364044,-0.044264922946302576,0.044264922946302576,1.4729111803862251
2024-06-07,1.631622152537718,1.5969429010032195,0.03467925153449847,0.03467925153449847,1.5176957365901018
2024-06-10,1.5828067413564029,1.5770879126802755,0.0057188286761273854,0.0057188286761273854,1.631622152537718
2024-06-11,1.542350946351358,1.5721392963406962,-0.029788349989338103,0.029788349989338103,1.5828067413564029
2024-06-12,1.5728967515893495,1.5312044595504162,0.04169229203893332,0.04169229203893332,1.542350946351358
2024-06-13,1.6313228588988251,1.5452989940973454,0.08602386480147972,0.08602386480147972,1.5728967515893495
2024-06-14,1.564223537131214,1.5925262618068972,-0.028302724675683066,0.028302724675683066,1.6313228588988251
2024-06-18,1.588535453296727,1.5433313565133242,0.04520409678340287,0.04520409678340287,1.564223537131214
2024-06-19,1.5779245318269324,1.5843793691331727,-0.006454837306240302,0.006454837306240302,1.588535453296727
2024-06-20,1.5826615309911551,1.5539684289358306,0.028693102055324493,0.028693102055324493,1.5779245318269324
2024-06-21,1.7410006994163012,1.5859554797677597,0.15504521964854145,0.15504521964854145,1.5826615309911551
2024-06-24,1.5182038168568268,1.5969908762917013,-0.07878705943487452,0.07878705943487452,1.7410006994163012
2024-06-25,1.4761929348863152,1.5482688816101058,-0.07207594672379058,0.07207594672379058,1.5182038168568268
2024-06-26,1.4871535459163907,1.5182808229321874,-0.03112727701579665,0.03112727701579665,1.4761929348863152
2024-06-27,1.630071793339594,1.5151086236860598,0.11496316965353426,0.11496316965353426,1.4871535459163907
2024-06-28,1.4817349736241912,1.594400376762939,-0.11266540313874795,0.11266540313874795,1.630071793339594
2024-07-01,1.454829567772381,1.5057925403898027,-0.050962972617421665,0.050962972617421665,1.4817349736241912
2024-07-02,1.451596690328237,1.478650592368169,-0.027053902039932076,0.027053902039932076,1.454829567772381
2024-07-03,1.4799685131958642,1.468104481400002,0.011864031795862262,0.011864031795862262,1.451596690328237
2024-07-04,1.476676364860107,1.5026052553715217,-0.02592889051141478,0.02592889051141478,1.4799685131958642
2024-07-05,1.4841662957053032,1.5015476833999033,-0.01738138769460007,0.01738138769460007,1.476676364860107
2024-07-08,1.4714088238988718,1.4599553569032893,0.011453466995582584,0.011453466995582584,1.4841662957053032
2024-07-09,1.5624421104344042,1.445719657894493,0.11672245253991109,0.11672245253991109,1.4714088238988718
2024-07-10,1.499891891671017,1.5012782457206366,-0.0013863540496195093,0.0013863540496195093,1.5624421104344042
2024-07-11,1.4834931678518892,1.5060210526341336,-0.022527884782244323,0.022527884782244323,1.499891891671017
2024-07-12,1.527473408945861,1.493682171083796,0.03379123786206506,0.03379123786206506,1.4834931678518892
2024-07-15,1.576216578589051,1.4570387675062177,0.11917781108283321,0.11917781108283321,1.527473408945861
2024-07-16,1.5580965461736158,1.5081857236248668,0.04991082254874901,0.04991082254874901,1.576216578589051
2024-07-18,1.6773206303529566,1.5323887888055123,0.14493184154744432,0.14493184154744432,1.5580965461736158
2024-07-19,1.4673060720800928,1.5938136757036394,-0.12650760362354663,0.12650760362354663,1.6773206303529566
2024-07-22,1.4107614102069137,1.4989900762117383,-0.0882286660048246,0.0882286660048246,1.4673060720800928
2024-07-23,1.5346597927189942,1.4662485852587133,0.06841120746028095,0.06841120746028095,1.4107614102069137
2024-07-24,1.5126500600795434,1.5032828523987978,0.009367207680745615,0.009367207680745615,1.5346597927189942
2024-07-25,1.5116846198515317,1.5297903305509377,-0.01810571069940603,0.01810571069940603,1.5126500600795434
2024-07-26,1.6075464502288883,1.5247928202193959,0.08275363000949243,0.08275363000949243,1.5116846198515317
2024-07-29,1.6083892249674487,1.5099069992746503,0.09848222569279841,0.09848222569279841,1.6075464502288883
2024-07-30,1.5701345002349083,1.5511057292199135,0.019028771014994783,0.019028771014994783,1.6083892249674487
2024-07-31,1.6345354912376036,1.554668655839378,0.07986683539822548,0.07986683539822548,1.5701345002349083
2024-08-01,1.6028119972626924,1.5774524710494917,0.0253595262132007,0.0253595262132007,1.6345354912376036
2024-08-02,1.4514130391633722,1.5932510968531455,-0.1418380576897733,0.1418380576897733,1.6028119972626924
2024-08-05,1.5198408227406996,1.5025288955694003,0.01731192717129937,0.01731192717129937,1.4514130391633722
2024-08-06,1.4371906472610574,1.507403613534529,-0.07021296627347162,0.07021296627347162,1.5198408227406996
2024-08-07,1.445975161698072,1.4950548763964588,-0.04907971469838679,0.04907971469838679,1.4371906472610574
2024-08-08,1.3666330902770816,1.4846204323232817,-0.1179873420462001,0.1179873420462001,1.445975161698072
2024-08-09,1.3367950159624284,1.4459681610905315,-0.10917314512810306,0.10917314512810306,1.3666330902770816
2024-08-12,1.3883753439749822,1.3868985613176796,0.0014767826573025555,0.0014767826573025555,1.3367950159624284
2024-08-13,1.3262002164623872,1.3855929477091018,-0.059392731246714625,0.059392731246714625,1.3883753439749822
2024-08-14,1.267573385799284,1.3751328153749514,-0.10755942957566744,0.10755942957566744,1.3262002164623872
2024-08-16,1.375311231846881,1.3577913312091636,0.017519900637717356,0.017519900637717356,1.267573385799284
2024-08-19,1.398584590364561,1.3311703494300124,0.06741424093454862,0.06741424093454862,1.375311231846881
2024-08-20,1.4427968346462727,1.3654943432441522,0.07730249140212053,0.07730249140212053,1.398584590364561
2024-08-21,1.4606970535331396,1.4042327423593224,0.05646431117381723,0.05646431117381723,1.4427968346462727
2024-08-22,1.4983073727705245,1.4182637258876896,0.08004364688283494,0.08004364688283494,1.4606970535331396
2024-08-23,1.3986210122277003,1.4587606585695911,-0.06013964634189084,0.06013964634189084,1.4983073727705245
2024-08-26,1.455182445048858,1.3947051470704743,0.06047729797838364,0.06047729797838364,1.3986210122277003
2024-08-27,1.5298991406397706,1.4035055524711266,0.126393588168644,0.126393588168644,1.455182445048858
2024-08-28,1.454287301188698,1.4493629651112565,0.004924336077441582,0.004924336077441582,1.5298991406397706
2024-08-29,1.5054187120705178,1.44827991490324,0.05713879716727788,0.05713879716727788,1.454287301188698
2024-08-30,1.8004212480678687,1.4614093170869533,0.3390119309809154,0.3390119309809154,1.5054187120705178
2024-09-02,1.356233185336021,1.579390969394378,-0.22315778405835696,0.22315778405835696,1.8004212480678687
2024-09-03,1.3594790203310805,1.4889865748338,-0.12950755450271956,0.12950755450271956,1.356233185336021
2024-09-04,1.5044922836460508,1.4437742042447042,0.06071807940134666,0.06071807940134666,1.3594790203310805
2024-09-05,1.4955495412777695,1.4822073710201733,0.013342170257596209,0.013342170257596209,1.5044922836460508
2024-09-06,1.477996239474887,1.5367021883990999,-0.05870594892421299,0.05870594892421299,1.4955495412777695
2024-09-09,1.3407404916531165,1.4646169119555383,-0.12387642030242185,0.12387642030242185,1.477996239474887
2024-09-10,1.3055997079857828,1.4161811123328925,-0.11058140434710961,0.11058140434710961,1.3407404916531165
2024-09-11,1.3163411005683945,1.3785481553773775,-0.06220705480898303,0.06220705480898303,1.3055997079857828
2024-09-12,1.412692435723715,1.374422605795318,0.038269829928397,0.038269829928397,1.3163411005683945
2024-09-13,1.435773841848769,1.4172307970934168,0.01854304475535229,0.01854304475535229,1.412692435723715
2024-09-16,1.3092046773743795,1.3845251447475144,-0.07532046737313491,0.07532046737313491,1.435773841848769
2024-09-17,1.283519477352346,1.345209852317625,-0.06169037496527907,0.06169037496527907,1.3092046773743795
2024-09-18,1.2686922203790336,1.3237177306737111,-0.055025510294677504,0.055025510294677504,1.283519477352346
2024-09-19,1.3700156361492537,1.3285665007780882,0.04144913537116546,0.04144913537116546,1.2686922203790336
2024-09-20,1.7272260992316637,1.349381585913829,0.37784451331783475,0.37784451331783475,1.3700156361492537
2024-09-23,1.424159816356357,1.490643366933964,-0.06648355057760713,0.06648355057760713,1.7272260992316637
2024-09-24,1.4926557010533148,1.4510580453801538,0.04159765567316098,0.04159765567316098,1.424159816356357
2024-09-25,1.3931592653575706,1.4686935981842004,-0.0755343328266298,0.0755343328266298,1.4926557010533148
2024-09-26,1.4803471441508065,1.4417859347474482,0.038561209403358276,0.038561209403358276,1.3931592653575706
2024-09-27,1.7624626223620543,1.5008807346378614,0.2615818877241929,0.2615818877241929,1.4803471441508065
2024-09-30,1.438220511082703,1.5567036650818389,-0.11848315399913578,0.11848315399913578,1.7624626223620543
2024-10-01,1.3287019905354354,1.5131683054235745,-0.18446631488813914,0.18446631488813914,1.438220511082703
2024-10-03,1.330583756907064,1.4519547442130203,-0.1213709873059563,0.1213709873059563,1.3287019905354354
2024-10-04,1.3737331350191555,1.4237099289656454,-0.049976793946489906,0.049976793946489906,1.330583756907064
2024-10-07,1.2871615996485115,1.4137259070537045,-0.12656430740519298,0.12656430740519298,1.3737331350191555
2024-10-08,1.274156160971358,1.3687838563535744,-0.09462769538221627,0.09462769538221627,1.2871615996485115
2024-10-09,1.2957688064340758,1.349096093073247,-0.05332728663917119,0.05332728663917119,1.274156160971358
2024-10-10,1.1829491935435943,1.3254355590279263,-0.14248636548433202,0.14248636548433202,1.2957688064340758
2024-10-11,1.0059028844308535,1.3045640714680293,-0.2986611870371758,0.2986611870371758,1.1829491935435943
2024-10-14,1.0167878650269428,1.16964907773109,-0.1528612127041471,0.1528612127041471,1.0059028844308535
2024-10-15,1.2190882840704251,1.148198228283171,0.07089005578725405,0.07089005578725405,1.0167878650269428
2024-10-16,1.2374557876878796,1.2123851903563214,0.025070597331558142,0.025070597331558142,1.2190882840704251
2024-10-17,1.2449756689645042,1.247212588618125,-0.002236919653620717,0.002236919653620717,1.2374557876878796
2024-10-18,1.1486159065841586,1.2634402312114348,-0.11482432462727621,0.11482432462727621,1.2449756689645042
2024-10-21,1.0716228967076469,1.1609414787062085,-0.08931858199856157,0.08931858199856157,1.1486159065841586
2024-10-22,1.1136815097326864,1.1299309153190433,-0.016249405586356902,0.016249405586356902,1.0716228967076469
2024-10-23,1.1524119176846055,1.143586247005543,0.008825670679062592,0.008825670679062592,1.1136815097326864
2024-10-24,1.0114584510550793,1.1575363256916877,-0.14607787463660848,0.14607787463660848,1.1524119176846055
2024-10-25,1.08155241949973,1.112374414516138,-0.030821995016408144,0.030821995016408144,1.0114584510550793
2024-10-28,0.9967771856795934,1.0601967966424792,-0.06341961096288584,0.06341961096288584,1.08155241949973
2024-10-29,1.0217413583805737,1.0240696985907018,-0.002328340210128177,0.002328340210128177,0.9967771856795934
2024-10-30,1.154983219569202,1.0394579909537713,0.11552522861543069,0.11552522861543069,1.0217413583805737
2024-10-31,1.1550481715145062,1.085056875803766,0.06999129571074025,0.06999129571074025,1.154983219569202
2024-11-01,0.0296699729640489,1.1194083991601371,-1.0897384261960883,1.0897384261960883,1.1550481715145062
2024-11-04,0.9950569894463838,0.7675582572547865,0.22749873219159722,0.22749873219159722,0.0296699729640489
2024-11-05,1.055965932313245,0.9601428330353341,0.095823099277911,0.095823099277911,0.9950569894463838
2024-11-06,1.2181760501664092,1.0600010619602869,0.1581749882061223,0.1581749882061223,1.055965932313245
2024-11-07,1.1539256503704016,1.2144114949027007,-0.060485844532299105,0.060485844532299105,1.2181760501664092
2024-11-08,0.9966990414192692,1.135890242454986,-0.1391912010357167,0.1391912010357167,1.1539256503704016
2024-11-11,0.9853618870612396,1.1213684795781431,-0.1360065925169035,0.1360065925169035,0.9966990414192692
2024-11-12,0.976414648348752,1.1196402746616172,-0.14322562631286517,0.14322562631286517,0.9853618870612396
2024-11-13,0.9250495825238092,1.034018099860214,-0.10896851733640478,0.10896851733640478,0.976414648348752
2024-11-14,0.9238034921860048,1.0166020320610198,-0.09279853987501507,0.09279853987501507,0.9250495825238092
2024-11-18,0.9197440971783978,0.9557750124862163,-0.036030915307818545,0.036030915307818545,0.9238034921860048
2024-11-19,0.9761073752898134,0.9464293113193474,0.029678063970466018,0.029678063970466018,0.9197440971783978
2024-11-21,0.9852176085296124,0.9743011689841732,0.010916439545439194,0.010916439545439194,0.9761073752898134
2024-11-22,1.0151526452126132,0.9857302598319033,0.029422385380709848,0.029422385380709848,0.9852176085296124
2024-11-25,1.6034579583601247,0.9360070293863347,0.66745092897379,0.66745092897379,1.0151526452126132
2024-11-26,1.0194115742041587,1.2598262667397664,-0.24041469253560765,0.24041469253560765,1.6034579583601247
2024-11-27,1.0709919528996352,1.1533482598109694,-0.08235630691133422,0.08235630691133422,1.0194115742041587
2024-11-28,1.1745531182190718,1.1461150239899258,0.028438094229146005,0.028438094229146005,1.0709919528996352
2024-11-29,1.1995857950381532,1.159252130565451,0.040333664472702146,0.040333664472702146,1.1745531182190718
2024-12-02,1.121186289003604,1.1904321798812318,-0.06924589087762789,0.06924589087762789,1.1995857950381532
2024-12-03,1.2947727167523773,1.1337151890575383,0.16105752769483894,0.16105752769483894,1.121186289003604
2024-12-04,1.3116054833961803,1.234883769718773,0.07672171367740743,0.07672171367740743,1.2947727167523773
2024-12-05,1.2433489748162625,1.2310958567265373,0.012253118089725179,0.012253118089725179,1.3116054833961803
2024-12-06,1.2456393828514891,1.2318149928686288,0.013824389982860286,0.013824389982860286,1.2433489748162625
2024-12-09,1.269821883976734,1.1712344449349208,0.09858743904181311,0.09858743904181311,1.2456393828514891
2024-12-10,1.372220585881086,1.2049799562063326,0.1672406296747535,0.1672406296747535,1.269821883976734
2024-12-11,1.2069627817263748,1.2752817791707762,-0.0683189974444014,0.0683189974444014,1.372220585881086
2024-12-12,1.1938751921708628,1.22966188004922,-0.03578668787835726,0.03578668787835726,1.2069627817263748
2024-12-13,1.1725104008326948,1.2298830749217737,-0.05737267408907898,0.05737267408907898,1.1938751921708628
2024-12-16,1.0898829624662754,1.1469530369271792,-0.05707007446090384,0.05707007446090384,1.1725104008326948
2024-12-17,1.1272176772640403,1.1437692238921209,-0.01655154662808056,0.01655154662808056,1.0898829624662754
2024-12-18,1.0886360761354028,1.1376054989255138,-0.04896942279011096,0.04896942279011096,1.1272176772640403
2024-12-19,1.0751485243483407,1.1256229222579894,-0.050474397909648694,0.050474397909648694,1.0886360761354028
2024-12-20,1.3473781709274404,1.10673806371275,0.24064010721469042,0.24064010721469042,1.0751485243483407
2024-12-23,0.917844680968808,1.1750787876611537,-0.2572341066923457,0.2572341066923457,1.3473781709274404
2024-12-24,0.8476049921815514,1.0590768639574042,-0.2114718717758528,0.2114718717758528,0.917844680968808
2024-12-26,0.8964410259993696,1.0271071831064964,-0.1306661571071268,0.1306661571071268,0.8476049921815514
2024-12-27,0.8837687204407138,1.0072012546646254,-0.12343253422391165,0.12343253422391165,0.8964410259993696
2024-12-30,1.3805490575734412,0.9813868880274843,0.39916216954595685,0.39916216954595685,0.8837687204407138
2024-12-31,0.9970071346766844,1.1619853043855912,-0.16497816970890677,0.16497816970890677,1.3805490575734412
