DATE,actual,prediction,previous_actual,error,absolute_error,squared_error,ape_pct
2022-04-26,0.8207767078602356,0.8919992450170796,0.8287753143216643,-0.07122253715684401,0.07122253715684401,0.005072649799058026,8.677455935917228
2022-04-27,0.8380073879193775,0.8797211534178064,0.8207767078602356,-0.04171376549842898,0.04171376549842898,0.0017400382320579238,4.977732428111023
2022-04-28,0.8991854307363274,0.8807199484206318,0.8380073879193775,0.01846548231569556,0.01846548231569556,0.00034097403715126537,2.053578904250539
2022-04-29,0.9524445562957192,0.8701900706793299,0.8991854307363274,0.08225448561638937,0.08225448561638937,0.006765800404016806,8.636144232510121
2022-05-02,0.6451812886847054,0.8856767979854273,0.9524445562957192,-0.24049550930072194,0.24049550930072194,0.05783808999381364,37.275648491140615
2022-05-04,0.723778161595648,0.8401036312879719,0.6451812886847054,-0.11632546969232394,0.11632546969232394,0.013531614899139774,16.07197838573517
2022-05-05,0.7230503899288258,0.8154498353448112,0.723778161595648,-0.09239944541598544,0.09239944541598544,0.008537657513181673,12.779115633293673
2022-05-06,0.7188854882283248,0.8003462747172626,0.7230503899288258,-0.08146078648893784,0.08146078648893784,0.006635859735396318,11.331538586165637
2022-05-09,0.6423056425668348,0.7857903861984183,0.7188854882283248,-0.1434847436315836,0.1434847436315836,0.020587871655021267,22.339013410839428
2022-05-10,0.6106998528029759,0.7578329940051979,0.6423056425668348,-0.14713314120222198,0.14713314120222198,0.021648161240032993,24.092545712417277
2022-05-11,0.6841743970435455,0.7166207685861476,0.6106998528029759,-0.032446371542602104,0.032446371542602104,0.0010527670262805795,4.74241241455532
2022-05-12,0.6131555818203936,0.6782964601215513,0.6841743970435455,-0.06514087830115767,0.06514087830115767,0.004243334025846234,10.623874304097718
2022-05-13,0.5708169942300376,0.6737213591409353,0.6131555818203936,-0.10290436491089772,0.10290436491089772,0.010589308317715197,18.027558035426598
2022-05-16,0.5155815678772384,0.6518697638029912,0.5708169942300376,-0.1362881959257528,0.1362881959257528,0.018574472348696386,26.43387669712108
2022-05-17,0.6961333794906432,0.6222313606527644,0.5155815678772384,0.07390201883787884,0.07390201883787884,0.005461508388314198,10.616071720616603
2022-05-18,0.7741153313050545,0.6189810594045241,0.6961333794906432,0.15513427190053042,0.15513427190053042,0.024066642318107703,20.04020145667376
2022-05-19,0.6051539541029016,0.6378110149385555,0.7741153313050545,-0.032657060835653895,0.032657060835653895,0.0010664836224235994,5.3964880530386194
2022-05-20,0.7073746204695853,0.6370187436956878,0.6051539541029016,0.07035587677389754,0.07035587677389754,0.004949949396623856,9.946056126129083
2022-05-23,0.7038562097784336,0.6403330613279792,0.7073746204695853,0.06352314845045437,0.06352314845045437,0.0040351903890584635,9.02501783289669
2022-05-24,0.6431616095307747,0.6532902938934135,0.7038562097784336,-0.010128684362638807,0.010128684362638807,0.00010259024691796389,1.5748272615382461
2022-05-25,0.6122368183565202,0.6636252389363759,0.6431616095307747,-0.05138842057985571,0.05138842057985571,0.002640769769692138,8.393552795109914
2022-05-26,0.766521391059002,0.6774331318619876,0.6122368183565202,0.08908825919701435,0.08908825919701435,0.007936717926754412,11.6224100509358
2022-05-27,0.7609227334101321,0.6874885620860389,0.766521391059002,0.07343417132409313,0.07343417132409313,0.005392577518056262,9.650673859485366
2022-05-30,0.8177992942287197,0.6856039052439071,0.7609227334101321,0.13219538898481253,0.13219538898481253,0.017475620868845895,16.164771713270827
2022-05-31,1.291480189560829,0.7159818109761668,0.8177992942287197,0.5754983785846622,0.5754983785846622,0.33119838375357524,44.56114644548762
2022-06-01,0.7331896263997387,0.7994254637034873,1.291480189560829,-0.0662358373037486,0.0662358373037486,0.004387186143328655,9.03392995738274
2022-06-02,0.7520271296161348,0.8036159517922451,0.7331896263997387,-0.05158882217611027,0.05158882217611027,0.002661406573518327,6.859968230460423
2022-06-03,0.7813970471260566,0.8191681689472966,0.7520271296161348,-0.037771121821239984,0.037771121821239984,0.0014266576436349513,4.833793774901054
2022-06-06,0.5954517020161403,0.8433339159143732,0.7813970471260566,-0.24788221389823295,0.24788221389823295,0.06144559196708931,41.62927287955151
2022-06-07,0.6026087853154182,0.8188953889082501,0.5954517020161403,-0.21628660359283192,0.21628660359283192,0.04677989489372281,35.891710984535834
2022-06-08,0.6232076032083295,0.7962791106090054,0.6026087853154182,-0.1730715074006759,0.1730715074006759,0.02995374667394221,27.7710840672816
2022-06-09,0.5371561691336476,0.7684802976060924,0.6232076032083295,-0.23132412847244477,0.23132412847244477,0.053510852413536134,43.064594947412765
2022-06-10,0.5082228748729217,0.6607197232593522,0.5371561691336476,-0.15249684838643052,0.15249684838643052,0.023255288767793977,30.005900152479658
2022-06-13,0.4208395843623623,0.6285816158983784,0.5082228748729217,-0.20774203153601606,0.20774203153601606,0.04315675166671109,49.36370989216181
2022-06-14,0.5469269733959766,0.5812691094335537,0.4208395843623623,-0.034342136037577076,0.034342136037577076,0.00117938230762345,6.2791081274233065
2022-06-15,0.4525122140562143,0.5477733846149709,0.5469269733959766,-0.09526117055875666,0.09526117055875666,0.009074690616224526,21.051624155038308
2022-06-16,0.5566154661536936,0.5273534577635529,0.4525122140562143,0.029262008390140704,0.029262008390140704,0.0008562651350246649,5.2571317488437925
2022-06-17,0.6756932190913911,0.5207829835975922,0.5566154661536936,0.1549102354937989,0.1549102354937989,0.023997181060744232,22.926119593461017
2022-06-20,0.4762088503225182,0.5282809287237439,0.6756932190913911,-0.052072078401225685,0.052072078401225685,0.0027115013490233947,10.93471454089088
2022-06-21,0.5123874574936983,0.5195741688935825,0.4762088503225182,-0.007186711399884249,0.007186711399884249,5.164882074522622e-05,1.402593153828836
2022-06-22,0.4271351070724542,0.5201691092679793,0.5123874574936983,-0.0930340021955251,0.0930340021955251,0.00865532556451697,21.78093082377888
2022-06-23,0.4099618554978511,0.5210684696551352,0.4271351070724542,-0.11110661415728412,0.11110661415728412,0.012344679709495609,27.101695601010988
2022-06-24,0.5756117845423366,0.5015020242411173,0.4099618554978511,0.0741097603012193,0.0741097603012193,0.0054922565719041794,12.874955359043467
2022-06-27,0.5597586727115098,0.5190876771677062,0.5756117845423366,0.0406709955438036,0.0406709955438036,0.0016541298785240923,7.265808914900859
2022-06-28,0.5809661177587082,0.5195367066759656,0.5597586727115098,0.06142941108274258,0.06142941108274258,0.003773572545972577,10.573665004721663
2022-06-29,0.5968600721016285,0.5060042636284395,0.5809661177587082,0.09085580847318897,0.09085580847318897,0.008254777933316797,15.222296266740184
2022-06-30,0.565266708853033,0.5232401524540267,0.5968600721016285,0.04202655639900632,0.04202655639900632,0.0017662314427588591,7.434818951974235
2022-07-01,0.4544372863985409,0.5307943312196459,0.565266708853033,-0.076357044821105,0.076357044821105,0.005830398293812238,16.80254836178649
2022-07-04,0.4544638864824867,0.534694642551944,0.4544372863985409,-0.08023075606945729,0.08023075606945729,0.006436974219476758,17.65393432917999
2022-07-05,0.6796446741564136,0.5410520755497491,0.4544638864824867,0.1385925986066645,0.1385925986066645,0.019207908388548026,20.39192005420891
2022-07-06,0.6736084523282152,0.5559139169231886,0.6796446741564136,0.11769453540502661,0.11769453540502661,0.013852003664205062,17.472247415874175
2022-07-07,0.7851377371231651,0.5721781711541466,0.6736084523282152,0.21295956596901855,0.21295956596901855,0.04535177673771276,27.123847944097918
2022-07-08,0.6254931302543962,0.601345545349069,0.7851377371231651,0.024147584905327202,0.024147584905327202,0.0005831058567599861,3.86056756458797
2022-07-11,0.7245086465836066,0.6054359822280357,0.6254931302543962,0.11907266435557085,0.11907266435557085,0.014178299396734432,16.434954215805917
2022-07-12,0.5812449651488083,0.6281848304752605,0.7245086465836066,-0.046939865326452224,0.046939865326452224,0.0022033509568654716,8.075745708082795
2022-07-13,0.5899894126547718,0.6463002131538703,0.5812449651488083,-0.056310800499098534,0.056310800499098534,0.0031709062528492756,9.544374744915704
2022-07-14,0.5911490460284913,0.665661002607054,0.5899894126547718,-0.07451195657856269,0.07451195657856269,0.005552031673165612,12.604597280356852
2022-07-15,0.5875364544047055,0.6530187700173506,0.5911490460284913,-0.06548231561264517,0.06548231561264517,0.004287933657994073,11.145234499362621
2022-07-18,0.715314679045397,0.6407227703139922,0.5875364544047055,0.07459190873140487,0.07459190873140487,0.005563952848194233,10.427845382811016
2022-07-19,0.8166806029716442,0.6307480477314539,0.715314679045397,0.18593255524019037,0.18593255524019037,0.03457091509814644,22.76686314865814
2022-07-20,0.8319031688165208,0.6580605438339179,0.8166806029716442,0.17384262498260294,0.17384262498260294,0.030221258260841925,20.896978338225868
2022-07-21,0.873286237379658,0.6734026184386198,0.8319031688165208,0.19988361894103823,0.19988361894103823,0.03995346112096618,22.88867159303915
2022-07-22,0.8557222550364701,0.715122800185884,0.873286237379658,0.14059945485058611,0.14059945485058611,0.019768206704282004,16.43050113784804
2022-07-25,0.7801013579755859,0.753084634811841,0.8557222550364701,0.027016723163744927,0.027016723163744927,0.0007299033305064316,3.4632324232654965
2022-07-26,0.7495839777716283,0.7800778222328546,0.7801013579755859,-0.03049384446122627,0.03049384446122627,0.0009298745500254602,4.068102489580783
2022-07-27,0.6483333897088277,0.8032274684281292,0.7495839777716283,-0.1548940787193015,0.1548940787193015,0.02399217562230117,23.891115462812397
2022-07-28,0.8389880920844219,0.7936587128086193,0.6483333897088277,0.045329379275802606,0.045329379275802606,0.0020547526255295626,5.402863247222513
2022-07-29,0.9524036022553296,0.7968454969675874,0.8389880920844219,0.15555810528774217,0.15555810528774217,0.024198324120712277,16.33321261273838
2022-08-01,0.9675543212905396,0.814059844601703,0.9524036022553296,0.15349447668883665,0.15349447668883665,0.023560554373979817,15.864171479705991
2022-08-02,1.0081424643786676,0.8275267137318291,0.9675543212905396,0.18061575064683855,0.18061575064683855,0.03262204938172096,17.91569713891127
2022-08-03,0.9425496981246094,0.8493010293521428,1.0081424643786676,0.09324866877246663,0.09324866877246663,0.008695314227837193,9.893236288548334
2022-08-04,1.0005861174811843,0.8725079350877177,0.9425496981246094,0.12807818239346658,0.12807818239346658,0.01640402080521409,12.8003157505206
2022-08-05,0.9407099682802014,0.9083653836176543,1.0005861174811843,0.03234458466254708,0.03234458466254708,0.001046172156992676,3.438316351816618
2022-08-08,0.8474918417520991,0.9501334662707076,0.9407099682802014,-0.10264162451860848,0.10264162451860848,0.010535303083819008,12.111222723561308
2022-08-10,0.8378534415925186,0.9513482876518042,0.8474918417520991,-0.11349484605928561,0.11349484605928561,0.01288108008202094,13.545906769036423
2022-08-11,0.9236628578553072,0.9349839789856886,0.8378534415925186,-0.011321121130381417,0.011321121130381417,0.00012816778364876862,1.2256767752541677
2022-08-12,0.9313947808067706,0.9287137699235126,0.9236628578553072,0.002681010883258006,0.002681010883258006,7.187819356147874e-06,0.28784903442724086
2022-08-16,0.9490391392760872,0.9177498151275272,0.9313947808067706,0.031289324148560005,0.031289324148560005,0.0009790218056736602,3.296947707807608
2022-08-17,1.0410885282625828,0.918676878149167,0.9490391392760872,0.12241165011341582,0.12241165011341582,0.014984612083489335,11.758044276763101
2022-08-18,0.9723102193059509,0.9244629368322238,1.0410885282625828,0.04784728247372705,0.04784728247372705,0.0022893624401206275,4.92098936364992
2022-08-19,0.9635096084744594,0.9289772584073309,0.9723102193059509,0.034532350067128514,0.034532350067128514,0.0011924832011587106,3.5840171974832873
2022-08-22,0.8569977315202737,0.9455512250819538,0.9635096084744594,-0.08855349356168007,0.08855349356168007,0.007841721221978515,10.332990427476435
2022-08-23,0.9111294770783812,0.9482861236430616,0.8569977315202737,-0.03715664656468043,0.03715664656468043,0.0013806163839325779,4.078086320269931
2022-08-24,0.9379276621822789,0.9464956406749294,0.9111294770783812,-0.008567978492650563,0.008567978492650563,7.341025545052261e-05,0.9135009914000642
2022-08-25,1.058731770206699,0.9474289094428592,0.9379276621822789,0.11130286076383977,0.11130286076383977,0.012388326814214702,10.512847908787117
2022-08-26,0.969877378448882,0.9630992852900894,1.058731770206699,0.006778093158792631,0.006778093158792631,4.594254686927146e-05,0.6988608363701385
2022-08-29,0.9029704046554085,0.9529262638881323,0.969877378448882,-0.04995585923272383,0.04995585923272383,0.002495587871679719,5.532391645968506
2022-08-30,1.18736067489168,0.9430205760809118,0.9029704046554085,0.24434009881076824,0.24434009881076824,0.05970208388685599,20.578422713305606
2022-09-01,0.9239600915308944,0.9749992998548006,1.18736067489168,-0.05103920832390618,0.05103920832390618,0.002605000786331094,5.52396242995086
2022-09-02,0.9627126861593688,0.9845653512848891,0.9239600915308944,-0.02185266512552031,0.02185266512552031,0.00047753897308813156,2.2699051793634295
2022-09-05,0.9611847652324348,0.9919343811536017,0.9627126861593688,-0.030749615921166873,0.030749615921166873,0.0009455388792992792,3.199136839599301
2022-09-06,1.0714463116818929,0.9952568244464811,0.9611847652324348,0.07618948723541175,0.07618948723541175,0.005804837965194969,7.11090106939787
2022-09-07,1.0087839435782,0.9970731875143659,1.0714463116818929,0.011710756063834094,0.011710756063834094,0.000137141807586627,1.1608785150064482
2022-09-08,1.027680747926764,1.0026312682471255,1.0087839435782,0.025049479679638553,0.025049479679638553,0.0006274764322206248,2.4374767874335683
2022-09-09,0.9805808718584204,1.020447031571605,1.027680747926764,-0.039866159713184635,0.039866159713184635,0.0015893106902771456,4.0655657128645935
2022-09-12,1.0700444936286682,0.9909070597097107,0.9805808718584204,0.07913743391895744,0.07913743391895744,0.006262733447277356,7.3957143268492995
2022-09-13,1.0671664947160735,1.0117762600093927,1.0700444936286682,0.05539023470668081,0.05539023470668081,0.003068078100861187,5.190402339366711
2022-09-14,1.1491150862669324,1.0266982326603504,1.0671664947160735,0.12241685360658194,0.12241685360658194,0.014985886046935315,10.653141279719067
2022-09-15,1.0033751941333895,1.0535454213795643,1.1491150862669324,-0.050170227246174814,0.050170227246174814,0.0025170517019328215,5.000146260293649
2022-09-16,1.367068033249928,1.0438209760154926,1.0033751941333895,0.3232470572344355,0.3232470572344355,0.1044886600107224,23.645279486638344
2022-09-19,0.8690333583235209,1.095004417397168,1.367068033249928,-0.22597105907364712,0.22597105907364712,0.051062919538865714,26.00257595514801
2022-09-20,0.9414087090598836,1.0723405045967047,0.8690333583235209,-0.1309317955368211,0.1309317955368211,0.017143135082495927,13.908071412210873
2022-09-21,0.8230626213023381,1.0667444813397708,0.9414087090598836,-0.24368186003743275,0.24368186003743275,0.059380848911302964,29.606721740303687
2022-09-22,0.9073434158801168,1.0314613567217237,0.8230626213023381,-0.12411794084160688,0.12411794084160688,0.015405263238760625,13.67926836403098
2022-09-23,0.7756424740991411,1.008629488316587,0.9073434158801168,-0.23298701421744583,0.23298701421744583,0.054282948793960305,30.037939127565867
2022-09-26,0.8030703236857697,0.9552762580069025,0.7756424740991411,-0.15220593432113283,0.15220593432113283,0.023166646442569,18.953001976535358
2022-09-27,0.7580069860062851,0.9266612765143855,0.8030703236857697,-0.16865429050810032,0.16865429050810032,0.0284442697067907,22.24970133806945
2022-09-28,0.7503116378268763,0.8396525554795794,0.7580069860062851,-0.08934091765270313,0.08934091765270313,0.007981799567027083,11.907174718955549
2022-09-29,0.8663656269804582,0.8226923096943446,0.7503116378268763,0.04367331728611357,0.04367331728611357,0.001907358642773546,5.0409799195667615
2022-09-30,0.8763958376963396,0.8119718693972836,0.8663656269804582,0.06442396829905594,0.06442396829905594,0.004150447691397765,7.351012582213799
2022-10-03,0.7252654587743484,0.8195909003107122,0.8763958376963396,-0.0943254415363638,0.0943254415363638,0.008897288921029985,13.005643712271597
2022-10-04,0.7973903088955736,0.7935797635813169,0.7252654587743484,0.0038105453142567303,0.0038105453142567303,1.4520255592003923e-05,0.4778770536519977
2022-10-06,0.8006782578449169,0.7966865971236644,0.7973903088955736,0.003991660721252455,0.003991660721252455,1.5933355313589665e-05,0.49853492113003
2022-10-07,0.7751812629610005,0.7963448734321139,0.8006782578449169,-0.02116361047111337,0.02116361047111337,0.0004478984081730195,2.7301498994278597
2022-10-10,0.6225013486819693,0.7987983415685019,0.7751812629610005,-0.17629699288653267,0.17629699288653267,0.03108062970083415,28.320740711615922
2022-10-11,0.7335387683658322,0.7805397288335152,0.6225013486819693,-0.047000960467682984,0.047000960467682984,0.0022090902848846987,6.407426913834574
2022-10-12,0.704434353960258,0.7615644633171401,0.7335387683658322,-0.05713010935688212,0.05713010935688212,0.00326384939512931,8.110068601240481
2022-10-13,0.6008610480350843,0.7369985370691285,0.704434353960258,-0.1361374890340442,0.1361374890340442,0.018533415920494508,22.657066800924518
2022-10-14,0.6159150283166264,0.7192264783920906,0.6008610480350843,-0.10331145007546427,0.10331145007546427,0.010673255716695147,16.77365307318893
2022-10-17,0.591138723070676,0.693301438309384,0.6159150283166264,-0.1021627152387079,0.1021627152387079,0.01043722038494532,17.28235881892877
2022-10-18,0.7877366750129869,0.663367219055921,0.591138723070676,0.12436945595706594,0.12436945595706594,0.015467761575056565,15.7882018067796
2022-10-19,0.7052267504786491,0.6651608493490618,0.7877366750129869,0.0400659011295873,0.0400659011295873,0.0016052764333258649,5.681279262647639
2022-10-20,0.8407997616655835,0.6769787638914446,0.7052267504786491,0.16382099777413883,0.16382099777413883,0.0268373193117144,19.483949121205434
2022-10-21,0.7545615722262483,0.6923017629342664,0.8407997616655835,0.06225980929198194,0.06225980929198194,0.0038762838530739603,8.251123776193827
2022-10-24,-0.3538668199451407,0.699462794115122,0.7545615722262483,-1.0533296140602628,1.0533296140602628,1.1095032758563421,297.66272357028515
2022-10-25,0.7644126439860524,0.5630730986893756,-0.3538668199451407,0.20133954529667675,0.20133954529667675,0.040537612500272546,26.339117606269006
2022-10-27,0.886498897294188,0.5842870437850081,0.7644126439860524,0.3022118535091799,0.3022118535091799,0.091332004401454,34.09049401320234
2022-10-28,0.7385458773548491,0.6264813543883668,0.886498897294188,0.11206452296648228,0.11206452296648228,0.012558457307705235,15.17367118314285
2022-10-31,0.8078063900505825,0.6194540975800614,0.7385458773548491,0.1883522924705211,0.1883522924705211,0.03547658607890072,23.316514302236087
2022-11-01,0.9019603731454908,0.6341083318046232,0.8078063900505825,0.2678520413408676,0.2678520413408676,0.07174471605046985,29.696652903581793
2022-11-02,0.9264421803316796,0.6428455620160385,0.9019603731454908,0.2835966183156411,0.2835966183156411,0.08042704192006742,30.611367264615417
2022-11-03,0.870008441767695,0.6673999346025289,0.9264421803316796,0.2026085071651661,0.2026085071651661,0.04105020717569716,23.288108188180722
2022-11-04,0.9525600059772472,0.8422392577043626,0.870008441767695,0.11032074827288463,0.11032074827288463,0.012170667499489177,11.581501173745451
2022-11-07,0.9763625517498644,0.8691174522745332,0.9525600059772472,0.10724509947533123,0.10724509947533123,0.01150151136147369,10.984147157541381
2022-11-09,1.0657290102455164,0.8819551171967727,0.9763625517498644,0.1837738930487437,0.1837738930487437,0.03377284376629109,17.243960827003008
2022-11-10,0.8892746773566819,0.9286955647525822,1.0657290102455164,-0.03942088739590033,0.03942088739590033,0.0015540063630802533,4.432925888891457
2022-11-11,1.045898402273293,0.9403338915105965,0.8892746773566819,0.10556451076269635,0.10556451076269635,0.011143865932567434,10.093189791020675
2022-11-14,0.9928203483420104,0.9608964671002826,1.045898402273293,0.031923881241727736,0.031923881241727736,0.001019134193535936,3.215474108184826
2022-11-15,0.918008858849172,0.9703790625303298,0.9928203483420104,-0.052370203681157745,0.052370203681157745,0.0027426382336059483,5.704760163949803
2022-11-16,0.9148978625427256,0.9772362649705407,0.918008858849172,-0.062338402427815076,0.062338402427815076,0.0038860764172522206,6.813700739726439
2022-11-17,0.8308262868645835,0.971855958765609,0.9148978625427256,-0.14102967190102556,0.14102967190102556,0.019889368356510916,16.974628045683392
2022-11-18,0.87865006045094,0.9510650637819975,0.8308262868645835,-0.07241500333105755,0.07241500333105755,0.005243932707437076,8.241620480159392
2022-11-21,0.8178192902565887,0.9243394995256295,0.87865006045094,-0.10652020926904082,0.10652020926904082,0.01134655498272025,13.024907890790931
2022-11-22,0.8402386266803397,0.914131587082759,0.8178192902565887,-0.07389296040241933,0.07389296040241933,0.005460169597033511,8.794282725891769
2022-11-23,0.8816385518507566,0.8847516191409086,0.8402386266803397,-0.0031130672901520384,0.0031130672901520384,9.691187953014556e-06,0.35310017734785004
2022-11-24,0.9917654320325212,0.8688685053564438,0.8816385518507566,0.12289692667607743,0.12289692667607743,0.015103654586425153,12.391733237184201
2022-11-25,0.9924627953074262,0.8794051586683508,0.9917654320325212,0.11305763663907542,0.11305763663907542,0.01278202920241321,11.39162467083258
2022-11-28,1.0614281753293129,0.8904858633490222,0.9924627953074262,0.17094231198029064,0.17094231198029064,0.029221274025167016,16.104934460332657
2022-11-29,0.9520621976057208,0.923428990272555,1.0614281753293129,0.028633207333165767,0.028633207333165767,0.0008198605621840578,3.0074933554943737
2022-11-30,1.3797753940116348,0.9339164384375238,0.9520621976057208,0.44585895557411104,0.44585895557411104,0.19879020826563712,32.31387931029819
2022-12-01,1.0892136209556076,1.0141958818311017,1.3797753940116348,0.07501773912450593,0.07501773912450593,0.005627661183352428,6.8873302427755245
2022-12-02,1.0773682327718368,1.04976373815614,1.0892136209556076,0.027604494615696806,0.027604494615696806,0.0007620081229880339,2.5622153852333645
2022-12-05,1.0210665304645408,1.0777251211448657,1.0773682327718368,-0.05665859068032497,0.05665859068032497,0.003210195897880608,5.548961697387905
2022-12-06,1.0015087457233554,1.08191099234944,1.0210665304645408,-0.08040224662608475,0.08040224662608475,0.006464521262521757,8.028112282535583
2022-12-07,0.9473787653887432,1.083203270980287,1.0015087457233554,-0.1358245055915438,0.1358245055915438,0.01844829631918731,14.336874601132754
2022-12-08,0.915362461626711,1.0669104981316342,0.9473787653887432,-0.1515480365049232,0.1515480365049232,0.022966807368497537,16.556068536566794
2022-12-09,0.9911250741057815,1.0616676787060613,0.915362461626711,-0.07054260460027972,0.07054260460027972,0.004976259063791406,7.1174270980809435
2022-12-12,0.890243625644684,1.0061462044337965,0.9911250741057815,-0.11590257878911259,0.11590257878911259,0.013433407769966451,13.019197829715424
2022-12-13,0.947991895382873,0.9777219193893788,0.890243625644684,-0.029730024006505817,0.029730024006505817,0.0008838743274274122,3.136105292809335
2022-12-14,1.011248450772814,0.9592395854766699,0.947991895382873,0.05200886529614401,0.05200886529614401,0.002704922069392453,5.143035349660899
2022-12-15,0.9259836962450064,0.957837002663566,1.011248450772814,-0.031853306418559546,0.031853306418559546,0.0010146331297946468,3.4399424685044853
2022-12-16,1.0146295610198912,0.9470477098809447,0.9259836962450064,0.06758185113894655,0.06758185113894655,0.004567306603366731,6.660741391273308
2022-12-19,0.832293920403034,0.9566549663996801,1.0146295610198912,-0.1243610459966461,0.1243610459966461,0.015465669761379927,14.941962562507355
2022-12-20,0.8448717153034107,0.9447880319391547,0.832293920403034,-0.09991631663574407,0.09991631663574407,0.009983270330054268,11.826211580519308
2022-12-21,1.0337758281614504,0.9238946949673876,0.8448717153034107,0.10988113319406279,0.10988113319406279,0.012073863432011367,10.629106446557584
2022-12-22,0.9099980383432742,0.9443992953269257,1.0337758281614504,-0.034401256983651485,0.034401256983651485,0.00118344648205523,3.78036605950072
2022-12-23,0.899737501822184,0.9389716014641258,0.9099980383432742,-0.0392340996419418,0.0392340996419418,0.0015393145747138177,4.360616242235468
2022-12-26,0.7034958958670016,0.9230414658997502,0.899737501822184,-0.21954557003274866,0.21954557003274866,0.048200257321004546,31.20779685035356
2022-12-27,0.8028215366854262,0.8912574944171778,0.7034958958670016,-0.08843595773175161,0.08843595773175161,0.007820918619932157,11.015643413961369
2022-12-28,0.8017036807995804,0.8609992052265402,0.8028215366854262,-0.059295524426959734,0.059295524426959734,0.0035159592170681785,7.3961896205617075
2022-12-29,0.8750978222278789,0.8566291709974754,0.8017036807995804,0.018468651230403532,0.018468651230403532,0.0003410910782702859,2.110467054229993
2022-12-30,0.8304156259405298,0.8609471862723994,0.8750978222278789,-0.030531560331869656,0.030531560331869656,0.0009321761762985968,3.676660141996915
2023-01-02,0.7272028261833856,0.8318957288122678,0.8304156259405298,-0.1046929026288822,0.1046929026288822,0.01096060386086061,14.396657831811122
2023-01-03,0.7980621918770952,0.8057821270751411,0.7272028261833856,-0.007719935198045924,0.007719935198045924,5.959739946202836e-05,0.9673350368707638
2023-01-04,0.7625766290109006,0.7912570827972711,0.7980621918770952,-0.02868045378637052,0.02868045378637052,0.000822568429392135,3.760993019622235
2023-01-05,0.8296748659841805,0.7996971875321138,0.7625766290109006,0.02997767845206667,0.02997767845206667,0.0008986612053755023,3.613183872516907
2023-01-06,0.8318781351681177,0.8035333774319359,0.8296748659841805,0.028344757736181836,0.028344757736181836,0.00080342529112284,3.407320920924737
2023-01-09,0.6355455773150032,0.8078440137702982,0.8318781351681177,-0.17229843645529508,0.17229843645529508,0.029686751204939354,27.110319480658852
2023-01-10,0.7120721057784156,0.7736222644970303,0.6355455773150032,-0.06155015871861469,0.06155015871861469,0.00378842203828666,8.643809835989844
2023-01-11,0.726665204042527,0.756716047331014,0.7120721057784156,-0.03005084328848706,0.03005084328848706,0.0009030531823492079,4.135445473556538
2023-01-12,0.6479610170767305,0.7566392441680342,0.726665204042527,-0.1086782270913037,0.1086782270913037,0.011810957043708978,16.772340345659128
2023-01-13,0.7095940661043308,0.7351962191965535,0.6479610170767305,-0.02560215309222269,0.02560215309222269,0.0006554702429576078,3.607999885452598
2023-01-16,0.6636479880739369,0.7276272816384722,0.7095940661043308,-0.06397929356453536,0.06397929356453536,0.0040933500050169954,9.640546602155514
2023-01-17,0.6261040100641714,0.7039091562227231,0.6636479880739369,-0.07780514615855172,0.07780514615855172,0.006053640768753595,12.426872357929351
2023-01-18,0.7513596894182601,0.674512852636445,0.6261040100641714,0.07684683678181514,0.07684683678181514,0.005905436323370937,10.227702905024591
2023-01-19,0.58221229558121,0.6910577257940532,0.7513596894182601,-0.10884543021284321,0.10884543021284321,0.011847327678218922,18.69514454417098
2023-01-20,0.6857982726419521,0.6725063243373096,0.58221229558121,0.013291948304642531,0.013291948304642531,0.00017667588973328946,1.9381717386713386
2023-01-23,0.6306075471938449,0.6666681912800846,0.6857982726419521,-0.03606064408623966,0.03606064408623966,0.0013003700519144512,5.71839716265794
2023-01-24,0.5923175990334901,0.664189124153958,0.6306075471938449,-0.0718715251204679,0.0718715251204679,0.005165516123142049,12.133950643665449
2023-01-25,0.6301798967698058,0.6474353431438379,0.5923175990334901,-0.01725544637403209,0.01725544637403209,0.0002977504295670972,2.7381778540509707
2023-01-27,0.7424387805588547,0.6426541872432479,0.6301798967698058,0.09978459331560685,0.09978459331560685,0.009956965063161051,13.440110609590755
2023-01-30,0.6664435667310868,0.6592734401710597,0.7424387805588547,0.007170126560027135,0.007170126560027135,5.141071488680655e-05,1.0758790268164318
2023-01-31,0.8467993120585495,0.6471425655014637,0.6664435667310868,0.19965674655708587,0.19965674655708587,0.039862816445760424,23.577811615331257
2023-02-01,0.8590159079921437,0.6849407107125121,0.8467993120585495,0.1740751972796316,0.1740751972796316,0.030302174307942666,20.264490524571713
2023-02-02,0.6219000304142338,0.7096860871911108,0.8590159079921437,-0.08778605677687701,0.08778605677687701,0.007706391764433074,14.115782679477384
2023-02-03,0.6714415526204166,0.708442156222595,0.6219000304142338,-0.037000603602178384,0.037000603602178384,0.0013690446669255359,5.510621655418426
2023-02-06,0.5549737802638135,0.7197455781635843,0.6714415526204166,-0.1647717978997708,0.1647717978997708,0.027149745383122918,29.690014872674624
2023-02-07,0.6180843748178494,0.709001847234157,0.5549737802638135,-0.09091747241630765,0.09091747241630765,0.008265986790570064,14.709556837300926
2023-02-08,0.7100047135196069,0.6912369321282991,0.6180843748178494,0.01876778139130786,0.01876778139130786,0.00035222961835192155,2.6433319432871034
2023-02-09,0.6461901440056235,0.6974599530980876,0.7100047135196069,-0.05126980909246415,0.05126980909246415,0.0026285933243777194,7.934167608105451
2023-02-10,0.6363916057441866,0.6688015005190981,0.6461901440056235,-0.03240989477491152,0.03240989477491152,0.001050401279320837,5.092759628249949
2023-02-13,0.5814907167223073,0.63699802876939,0.6363916057441866,-0.0555073120470827,0.0555073120470827,0.0030810616906922126,9.545691865892742
2023-02-14,0.5902686196235892,0.6312252696705434,0.5814907167223073,-0.040956650046954146,0.040956650046954146,0.001677447183068669,6.938646013923619
2023-02-15,0.6316393151916533,0.6196291363852823,0.5902686196235892,0.012010178806371008,0.012010178806371008,0.00014424439496100333,1.9014299011338227
2023-02-16,0.6602193587872707,0.6305813556606881,0.6316393151916533,0.0296380031265826,0.0296380031265826,0.00087841122933132,4.489114524152004
2023-02-17,0.6803913364948456,0.6366006390848911,0.6602193587872707,0.04379069740995456,0.04379069740995456,0.001917625179650201,6.436104497677757
2023-02-20,0.6636487831465074,0.6323701566527823,0.6803913364948456,0.03127862649372515,0.03127862649372515,0.0009783524753339647,4.713129487773062
2023-02-21,0.5939012155698467,0.6348642479586228,0.6636487831465074,-0.04096303238877619,0.04096303238877619,0.001677970022483927,6.897280442417056
2023-02-22,0.6935729705452057,0.6287941922194314,0.5939012155698467,0.06477877832577428,0.06477877832577428,0.004196290121379803,9.339864884707488
2023-02-23,0.7545285173373403,0.6448059427655598,0.6935729705452057,0.10972257457178047,0.10972257457178047,0.012039043370659927,14.541872447575747
2023-02-24,0.5974418501143244,0.6682716424389528,0.7545285173373403,-0.07082979232462838,0.07082979232462838,0.005016859480749986,11.855512350042877
2023-02-27,0.6094954780988903,0.6633862902850487,0.5974418501143244,-0.05389081218615843,0.05389081218615843,0.0029042196380838024,8.841872355518063
2023-02-28,0.9491935110294688,0.65614002161528,0.6094954780988903,0.29305348941418885,0.29305348941418885,0.08588034765783209,30.873945724339308
2023-03-01,0.5742813626278861,0.6945403322630833,0.9491935110294688,-0.12025896963519722,0.12025896963519722,0.014462219777719287,20.940775282153943
2023-03-02,0.5160986582061703,0.6817735579032803,0.5742813626278861,-0.16567489969711002,0.16567489969711002,0.027448172389647467,32.10140097495206
2023-03-03,0.6754906968617981,0.6706589068513266,0.5160986582061703,0.004831790010471515,0.004831790010471515,2.3346194705292325e-05,0.7153007484661295
2023-03-06,0.7706933228501465,0.6680757248965541,0.6754906968617981,0.10261759795359238,0.10261759795359238,0.010530371409765127,13.314971715869572
2023-03-08,0.7679979381022206,0.6703849828269549,0.7706933228501465,0.0976129552752657,0.0976129552752657,0.009528289037571021,12.710054341613795
2023-03-09,0.7487752746536621,0.6947501382537974,0.7679979381022206,0.054025136399864726,0.054025136399864726,0.0029187153630239886,7.2151335959715635
2023-03-10,0.6349233400009404,0.714647252047336,0.7487752746536621,-0.07972391204639562,0.07972391204639562,0.006355902151981424,12.556462650479588
2023-03-13,0.6313096139893885,0.6697515133289748,0.6349233400009404,-0.038441899339586305,0.038441899339586305,0.001477779624834886,6.089230781179338
2023-03-14,0.6435850571287258,0.677898406380618,0.6313096139893885,-0.03431334925189222,0.03431334925189222,0.0011774059368823326,5.331595081616241
2023-03-15,0.5551888357312447,0.6961107490838403,0.6435850571287258,-0.14092191335259563,0.14092191335259563,0.01985898566295647,25.382699413792427
2023-03-16,0.6010833232541641,0.6789247689223326,0.5551888357312447,-0.07784144566816842,0.07784144566816842,0.006059290663710416,12.950192204093753
2023-03-17,0.8868643230231436,0.6546947689800494,0.6010833232541641,0.23216955404309414,0.23216955404309414,0.05390270182456921,26.178700395983284
2023-03-20,0.5620984508083664,0.6716756811116099,0.8868643230231436,-0.10957723030324351,0.10957723030324351,0.012007169400930068,19.494312810444157
2023-03-21,0.5611586393333394,0.6450075634194248,0.5620984508083664,-0.08384892408608535,0.08384892408608535,0.007030642070394105,14.942106956724125
2023-03-22,0.5480734690189987,0.634469749038339,0.5611586393333394,-0.0863962800193403,0.0863962800193403,0.00746431720118026,15.763631137624984
2023-03-23,0.6278825399591011,0.6225788711854261,0.5480734690189987,0.005303668773675052,0.005303668773675052,2.812890246085583e-05,0.8446912338127003
2023-03-24,0.5830782264501616,0.6203356544469083,0.6278825399591011,-0.037257427996746695,0.037257427996746695,0.0013881159409327645,6.38978207496679
2023-03-27,0.6464950142827691,0.6243198531210393,0.5830782264501616,0.022175161161729795,0.022175161161729795,0.0004917377725486895,3.430059114428166
2023-03-28,0.6172332011814773,0.6308072375536972,0.6464950142827691,-0.013574036372219878,0.013574036372219878,0.00018425446343434818,2.1991746954371747
2023-03-29,0.8316401051009829,0.5922885058620305,0.6172332011814773,0.23935159923895233,0.23935159923895233,0.057289188058244046,28.780670601484378
2023-03-31,0.7479206823218733,0.6307944564752616,0.8316401051009829,0.1171262258466117,0.1171262258466117,0.01371855278107149,15.660246950652656
2023-04-03,0.632444351950826,0.6574747483307662,0.7479206823218733,-0.0250303963799402,0.0250303963799402,0.0006265207429369236,3.9577231265852735
2023-04-05,0.7266933702544895,0.6695277316067416,0.632444351950826,0.05716563864774793,0.05716563864774793,0.0032679102420048916,7.866541926442566
2023-04-06,0.7403062967644314,0.6836435645060828,0.7266933702544895,0.056662732258348614,0.056662732258348614,0.0032106652269813006,7.653957896346103
2023-04-10,0.678386601025161,0.7061047174081213,0.7403062967644314,-0.02771811638296029,0.02771811638296029,0.0007682939758193316,4.085887949595903
2023-04-11,0.7767107063486018,0.7106606583713201,0.678386601025161,0.06605004797728176,0.06605004797728176,0.004362608837801222,8.503815827103752
2023-04-12,0.8219551639000857,0.7334431591094808,0.7767107063486018,0.08851200479060495,0.08851200479060495,0.007834374992052074,10.768471162176942
2023-04-13,0.7585467449981621,0.7320595960807813,0.8219551639000857,0.0264871489173808,0.0264871489173808,0.0007015690577715068,3.4918281690662285
2023-04-17,0.7572981507955271,0.7335776050345367,0.7585467449981621,0.023720545760990364,0.023720545760990364,0.000562664291199238,3.1322598287177104
2023-04-18,0.8512541824165715,0.751413862012351,0.7572981507955271,0.09984032040422042,0.09984032040422042,0.009968089578417392,11.728614374708863
2023-04-19,0.8018007017966661,0.7692082637497916,0.8512541824165715,0.032592438046874506,0.032592438046874506,0.0010622670178393528,4.064905153343186
2023-04-20,0.7389879399147348,0.7779931787543966,0.8018007017966661,-0.03900523883966178,0.03900523883966178,0.00152140865693906,5.278196941097882
2023-04-21,0.7318420827953791,0.7866505128814784,0.7389879399147348,-0.05480843008609926,0.05480843008609926,0.0030039640085028304,7.48910610288361
2023-04-24,0.7073339892249522,0.7802407095167324,0.7318420827953791,-0.07290672029178025,0.07290672029178025,0.005315389863703881,10.307255328089974
2023-04-25,0.7830367058496381,0.7638662559917132,0.7073339892249522,0.01917044985792493,0.01917044985792493,0.000367506147755214,2.4482185464248363
2023-04-26,0.8698778425048195,0.7673648218276384,0.7830367058496381,0.10251302067718104,0.10251302067718104,0.010508919408360148,11.78476053396119
2023-04-27,0.8998869692067404,0.7834476349289659,0.8698778425048195,0.11643933427777453,0.11643933427777453,0.013558118567051318,12.939328855980323
2023-04-28,1.0674374790041106,0.79039517589899,0.8998869692067404,0.27704230310512057,0.27704230310512057,0.0767524377097895,25.95396063510842
2023-05-02,0.9138623649646948,0.8283432869286249,1.0674374790041106,0.08551907803606984,0.08551907803606984,0.007313512708139403,9.357982264580258
2023-05-03,0.926793907465274,0.8533253476500479,0.9138623649646948,0.07346855981522615,0.07346855981522615,0.005397629281323463,7.927173368689731
2023-05-04,0.9843263843203436,0.8811756083171757,0.926793907465274,0.10315077600316791,0.10315077600316791,0.01064008259005572,10.47932653703998
2023-05-05,0.8571868914972033,0.92074595047366,0.9843263843203436,-0.06355905897645675,0.06355905897645675,0.004039753977972707,7.41484262147797
2023-05-08,0.9185682819011456,0.9313388341375981,0.8571868914972033,-0.012770552236452515,0.012770552236452515,0.00016308700442396233,1.390267058864858
2023-05-09,1.0403703262788346,0.9382946111942161,0.9185682819011456,0.10207571508461855,0.10207571508461855,0.010419451610036223,9.81147890383609
2023-05-10,0.9182436196147614,0.9583636622045153,1.0403703262788346,-0.04012004258975388,0.04012004258975388,0.0016096178174036652,4.369215503679272
2023-05-11,0.9477739467125392,0.9370502537203225,0.9182436196147614,0.01072369299221676,0.01072369299221676,0.00011499759139131885,1.1314610439982127
2023-05-12,0.8229328810494783,0.941894765398586,0.9477739467125392,-0.1189618843491077,0.1189618843491077,0.014151929927890477,14.455842886894587
2023-05-15,0.8471662077534761,0.9270574759106153,0.8229328810494783,-0.0798912681571392,0.0798912681571392,0.006382614727755925,9.43041252424311
2023-05-16,0.9932731062192224,0.9074631649724914,0.8471662077534761,0.08580994124673103,0.08580994124673103,0.00736334601676743,8.639108489844903
2023-05-17,0.928783171904128,0.9269040527899225,0.9932731062192224,0.001879119114205463,0.001879119114205463,3.531088645372324e-06,0.20232053842588696
2023-05-18,0.9711433501606134,0.9283633227903485,0.928783171904128,0.04278002737026487,0.04278002737026487,0.0018301307418006117,4.405119734711632
2023-05-19,0.9309142153194214,0.9184737547734597,0.9711433501606134,0.012440460545961707,0.012440460545961707,0.00015476505859562985,1.3363702413431353
2023-05-22,0.8177045625066934,0.9202838398741254,0.9309142153194214,-0.102579277367432,0.102579277367432,0.010522508145224546,12.544784763456951
2023-05-23,0.8865465596736564,0.9017024992732905,0.8177045625066934,-0.015155939599634127,0.015155939599634127,0.00022970250514775788,1.7095480698964223
2023-05-24,0.9118124602722316,0.9107901676481731,0.8865465596736564,0.0010222926240585073,0.0010222926240585073,1.0450822092044285e-06,0.11211654464047252
2023-05-25,0.9259020204936428,0.9200253465794238,0.9118124602722316,0.005876673914218977,0.005876673914218977,3.4535296294061796e-05,0.6346971692626656
2023-05-26,0.9584993590823502,0.9104009057614839,0.9259020204936428,0.04809845332086626,0.04809845332086626,0.002313461211859551,5.018099685211563
2023-05-29,0.9842434581346048,0.9146460753583728,0.9584993590823502,0.06959738277623195,0.06959738277623195,0.004843795689301348,7.07115523105807
2023-05-30,0.9085824347193284,0.9165175193546572,0.9842434581346048,-0.00793508463532877,0.00793508463532877,6.296556816983073e-05,0.8733477923530417
2023-05-31,1.4215281501418422,0.9133272649832154,0.9085824347193284,0.5082008851586268,0.5082008851586268,0.2582681396760118,35.75032158933453
2023-06-01,0.9392433318487524,0.9995877775025225,1.4215281501418422,-0.06034444565377006,0.06034444565377006,0.0036414521212608086,6.424793619241516
2023-06-02,0.9788261346240978,1.0071158878132505,0.9392433318487524,-0.02828975318915261,0.02828975318915261,0.0008003101355031704,2.8901714194642776
2023-06-05,0.971841118458677,1.016689269863517,0.9788261346240978,-0.04484815140484,0.04484815140484,0.002011356684431452,4.614761667624063
2023-06-06,0.891988950916372,1.023251998144236,0.971841118458677,-0.13126304722786408,0.13126304722786408,0.017229987567544475,14.715770536508652
2023-06-07,1.061054654830413,1.0137505112633822,0.891988950916372,0.04730414356703072,0.04730414356703072,0.002237681998610254,4.458219315252077
2023-06-08,1.0722027980577895,1.0247235393627834,1.061054654830413,0.04747925869500613,0.04747925869500613,0.0022542800062273155,4.428197611590927
2023-06-09,0.8841960682848384,1.0480978769825635,1.0722027980577895,-0.16390180869772508,0.16390180869772508,0.02686380289438567,18.53681718079356
2023-06-12,0.8396794589105667,0.9713361510029914,0.8841960682848384,-0.1316566920924247,0.1316566920924247,0.017333484572719524,15.67939892959169
2023-06-13,1.0655132045683409,0.9571127405832506,0.8396794589105667,0.10840046398509029,0.10840046398509029,0.011750660592182856,10.173544872116844
2023-06-14,1.0507067403831312,0.9694966077181426,1.0655132045683409,0.08121013266498855,0.08121013266498855,0.006595085647465041,7.729096002122912
2023-06-15,1.0244719007031522,0.9807631251359218,1.0507067403831312,0.04370877556723041,0.04370877556723041,0.0019104570615865177,4.266468952172396
2023-06-16,1.1958453221650551,0.9996892608197474,1.0244719007031522,0.19615606134530772,0.19615606134530772,0.03847720040250412,16.40312987888525
2023-06-19,1.0263578163743354,1.018945070438982,1.1958453221650551,0.00741274593535346,0.00741274593535346,5.494880230209924e-05,0.7222379775446527
2023-06-20,1.0438951591765917,1.0123957873413456,1.0263578163743354,0.03149937183524609,0.03149937183524609,0.0009922104260150948,3.017484232812451
2023-06-21,1.0677461897891596,1.0352099431830246,1.0438951591765917,0.032536246606134966,0.032536246606134966,0.001058607343215229,3.0471892025725396
2023-06-22,1.0405478638218504,1.0677909047371092,1.0677461897891596,-0.027243040915258865,0.027243040915258865,0.0007421832783104685,2.618143947285358
2023-06-23,0.9417085062414106,1.0642244274876107,1.0405478638218504,-0.12251592124620014,0.12251592124620014,0.015010150958805115,13.009962258405332
2023-06-26,0.8668679724132926,1.0486532511816509,0.9417085062414106,-0.18178527876835826,0.18178527876835826,0.033045887576889726,20.970353566331706
2023-06-27,0.9692879156680944,1.0261384042830992,0.8668679724132926,-0.05685048861500486,0.05685048861500486,0.003231978055764797,5.865180788498732
2023-06-28,1.0694745236118406,0.9937730604978193,0.9692879156680944,0.07570146311402126,0.07570146311402126,0.005730711517603522,7.078379282786605
2023-06-30,1.048282782637436,0.9999325901031771,1.0694745236118406,0.04835019253425876,0.04835019253425876,0.002337741118099892,4.612323443165945
2023-07-03,1.0016539576742705,1.0005593934547263,1.048282782637436,0.0010945642195441252,0.0010945642195441252,1.1980708307062398e-06,0.10927568459726171
2023-07-04,0.994269801163331,0.9911176460097423,1.0016539576742705,0.003152155153588687,0.003152155153588687,9.93608211229572e-06,0.31703217274632634
2023-07-05,1.0529494382342108,0.9845064942013824,0.994269801163331,0.06844294403282847,0.06844294403282847,0.00468443658788089,6.500116866732634
2023-07-06,1.1924200717016176,1.0003980559146395,1.0529494382342108,0.19202201578697808,0.19202201578697808,0.03687245454689446,16.10355447245677
2023-07-07,1.13912236226875,1.0469054986701143,1.1924200717016176,0.09221686359863579,0.09221686359863579,0.0085039499319694,8.095430890757925
2023-07-10,0.9977776661356536,1.0711675624702082,1.13912236226875,-0.07338989633455462,0.07338989633455462,0.005386076883996673,7.355335644942852
2023-07-11,1.048158905724791,1.060925154259324,0.9977776661356536,-0.012766248534533009,0.012766248534533009,0.0001629771016454662,1.2179688084322748
2023-07-12,1.0648851670099455,1.0609074575575177,1.048158905724791,0.003977709452427813,0.003977709452427813,1.5822172487933576e-05,0.37353412139232695
2023-07-13,1.0979722978176798,1.0699404874626144,1.0648851670099455,0.028031810355065412,0.028031810355065412,0.0007857823917823525,2.553052605314469
2023-07-14,1.056344303516309,1.0847551298418068,1.0979722978176798,-0.02841082632549785,0.02841082632549785,0.0008071750524976017,2.68954224781875
2023-07-17,1.1406004082007328,1.0852401105963925,1.056344303516309,0.05536029760434036,0.05536029760434036,0.0030647625508411326,4.853610186907593
2023-07-18,1.0163276780442934,1.0778373015248373,1.1406004082007328,-0.061509623480543896,0.061509623480543896,0.003783433780718277,6.052144875057039
2023-07-19,1.039547751539594,1.0602952037784865,1.0163276780442934,-0.020747452238892627,0.020747452238892627,0.0004304567744051307,1.9958152194706955
2023-07-20,1.0819544583723535,1.0662623588361921,1.039547751539594,0.015692099536161352,0.015692099536161352,0.00024624198785279535,1.450347509059474
2023-07-21,1.0736351039938732,1.0710902949287011,1.0819544583723535,0.002544809065172071,0.002544809065172071,6.476053178181951e-06,0.23702737137650384
2023-07-24,1.0862292021803543,1.072340285926405,1.0736351039938732,0.01388891625394928,0.01388891625394928,0.00019290199470921649,1.2786358740927317
2023-07-25,1.05652959922236,1.0706627008353586,1.0862292021803543,-0.014133101612998633,0.014133101612998633,0.00019974456120334456,1.3376910238389017
2023-07-26,1.0487422924457126,1.0706891716505087,1.05652959922236,-0.0219468792047961,0.0219468792047961,0.00048166550682991147,2.0926856257141138
2023-07-27,1.190420843759668,1.057566583685506,1.0487422924457126,0.132854260074162,0.132854260074162,0.01765025441985308,11.160276701353167
2023-07-28,1.2280851259708463,1.0824370359305593,1.190420843759668,0.145648090040287,0.145648090040287,0.02121336613238355,11.859771522364694
2023-07-31,1.2371379535964495,1.1093709465635955,1.2280851259708463,0.12776700703285404,0.12776700703285404,0.016324408086133373,10.327628108201361
2023-08-01,1.1918429271377766,1.1315400173098948,1.2371379535964495,0.06030290982788178,0.06030290982788178,0.0036364409337096408,5.059635666312158
2023-08-02,1.164525173840879,1.1484268491875953,1.1918429271377766,0.016098324653283758,0.016098324653283758,0.0002591560566425236,1.3823938730485046
2023-08-03,1.109355812511922,1.1596119879962417,1.164525173840879,-0.0502561754843196,0.0502561754843196,0.0025256831743107264,4.530212481649525
2023-08-04,1.1372201281407002,1.1671585898947505,1.109355812511922,-0.02993846175405035,0.02993846175405035,0.0008963114921987355,2.6326004098255176
2023-08-07,1.0204494122884125,1.1797982807083203,1.1372201281407002,-0.1593488684199078,0.1593488684199078,0.02539206186670509,15.615557861174073
2023-08-08,1.0452718075812617,1.1555166476409977,1.0204494122884125,-0.110244840059736,0.110244840059736,0.012153924759796772,10.547002153902953
2023-08-09,1.1071317972151316,1.1294004592996287,1.0452718075812617,-0.02226866208449718,0.02226866208449718,0.0004958933110335224,2.0113831199240737
2023-08-10,1.116448233424578,1.1108281512451548,1.1071317972151316,0.005620082179423225,0.005620082179423225,3.1585323703470506e-05,0.503389410379043
2023-08-11,1.0688816030114878,1.1000574807146979,1.116448233424578,-0.031175877703210064,0.031175877703210064,0.0009719353505655105,2.9166820361932078
2023-08-14,0.9469498375140748,1.0863941134533563,1.0688816030114878,-0.13944427593928155,0.13944427593928155,0.019444706092230493,14.725624358873068
2023-08-16,0.9394075994597504,1.0631932598822351,0.9469498375140748,-0.12378566042248473,0.12378566042248473,0.015322889726230703,13.176991594881004
2023-08-17,0.921334097242268,1.0349343272135283,0.9394075994597504,-0.11360022997126029,0.11360022997126029,0.012905012249523225,12.329971322160752
2023-08-18,1.057252067812002,1.0207749964926502,0.921334097242268,0.03647707131935185,0.03647707131935185,0.0013305767320370813,3.4501773446366157
2023-08-21,0.9054691140395686,1.022486462239899,1.057252067812002,-0.11701734820033038,0.11701734820033038,0.013693059779837365,12.92339477801523
2023-08-22,0.9986310378396416,0.993677507500533,0.9054691140395686,0.004953530339108614,0.004953530339108614,2.45374628204695e-05,0.4960320830628983
2023-08-23,1.1622965872427795,0.9768464795598276,0.9986310378396416,0.1854501076829519,0.1854501076829519,0.034391742439618456,15.955489306122795
2023-08-24,1.1253483668496609,0.990191477307155,1.1622965872427795,0.13515688954250593,0.13515688954250593,0.018267384790805148,12.010226657267811
2023-08-25,0.975703981334989,1.015676981497953,1.1253483668496609,-0.0399730001629639,0.0399730001629639,0.001597840742028312,4.096836840644186
2023-08-28,0.979006541973768,1.0208621789087016,0.975703981334989,-0.04185563693493355,0.04185563693493355,0.0017518943432289734,4.275317389662045
2023-08-29,1.1409355886330366,1.02910109958463,0.979006541973768,0.11183448904840665,0.11183448904840665,0.012506952940718187,9.801998479370459
2023-08-30,1.2052955006520685,1.0410558882733492,1.1409355886330366,0.1642396123787193,0.1642396123787193,0.026974650274311972,13.626501740848216
2023-08-31,1.5177448129912694,1.0838882292179919,1.2052955006520685,0.4338565837732775,0.4338565837732775,0.18823153528341896,28.585608071900108
2023-09-01,1.2573986285276224,1.1580473399539388,1.5177448129912694,0.09935128857368358,0.09935128857368358,0.00987067854125135,7.901335846852408
2023-09-04,1.36677443610857,1.1716333458517736,1.2573986285276224,0.1951410902567965,0.1951410902567965,0.03808004510661119,14.277490498900097
2023-09-05,1.4016339108861775,1.2061227843173319,1.36677443610857,0.19551112656884562,0.19551112656884562,0.03822460061221917,13.948801113497208
2023-09-06,1.2886014424364045,1.2669699171103588,1.4016339108861775,0.02163152532604573,0.02163152532604573,0.00046792288793135785,1.6786823771628128
2023-09-07,1.2546457731465426,1.3111977600335927,1.2886014424364045,-0.0565519868870501,0.0565519868870501,0.003198127220873086,4.50740663998115
2023-09-08,1.357028672527698,1.3274420721069506,1.2546457731465426,0.029586600420747455,0.029586600420747455,0.0008753669244569735,2.180248731637877
2023-09-11,1.322534766826167,1.349118239517755,1.357028672527698,-0.026583472691587895,0.026583472691587895,0.0007066810203443994,2.0100396116907526
2023-09-12,1.3749505903914945,1.3212310900655975,1.322534766826167,0.05371950032589701,0.05371950032589701,0.0028857847152640487,3.9070131466034184
2023-09-13,1.249747406887861,1.338024227474722,1.3749505903914945,-0.08827682058686115,0.08827682058686115,0.0077927970529248726,7.063573014861409
2023-09-14,1.2163796824049662,1.3213060804431922,1.249747406887861,-0.10492639803822601,0.10492639803822601,0.011009549005276238,8.626122217922177
2023-09-15,1.584968350594567,1.294841190660162,1.2163796824049662,0.2901271599344051,0.2901271599344051,0.08417376893160386,18.30491819130458
2023-09-18,1.217749847899712,1.3371793203970423,1.584968350594567,-0.11942947249733038,0.11942947249733038,0.014263398900990593,9.807389646019157
2023-09-20,1.1992892266599593,1.3319084739332094,1.217749847899712,-0.13261924727325014,0.13261924727325014,0.017587864747323465,11.058153806867505
2023-09-21,1.0996401054907168,1.3093742673806754,1.1992892266599593,-0.20973416188995864,0.20973416188995864,0.04398841866368338,19.07298222779573
2023-09-22,1.1012601124546295,1.2775321729041824,1.0996401054907168,-0.1762720604495529,0.1762720604495529,0.031071839295130833,16.006396532119478
2023-09-25,1.086122626773476,1.238433533198916,1.1012601124546295,-0.15231090642543998,0.15231090642543998,0.023198612216139135,14.023361881144774
2023-09-26,1.009075988700714,1.2150585646111467,1.086122626773476,-0.20598257591043279,0.20598257591043279,0.04242882157869721,20.41298952873271
2023-09-27,1.095805119320641,1.185443751224825,1.009075988700714,-0.08963863190418397,0.08963863190418397,0.008035084329653788,8.180161811961293
2023-09-28,1.27709615549929,1.1155632896142642,1.095805119320641,0.1615328658850257,0.1615328658850257,0.026092866761029697,12.648449781126564
2023-09-29,1.0714190455511736,1.124041333557061,1.27709615549929,-0.05262228800588731,0.05262228800588731,0.0027691051949745513,4.911457214092797
2023-10-03,1.1427892722308104,1.1057741648272346,1.0714190455511736,0.03701510740357583,0.03701510740357583,0.0013701181760982543,3.23901425249815
2023-10-04,1.155193893398327,1.1119383315043907,1.1427892722308104,0.04325556189393631,0.04325556189393631,0.0018710436347601552,3.744441702915165
2023-10-05,1.0216470708452814,1.1196431573534902,1.155193893398327,-0.09799608650820879,0.09799608650820879,0.00960323297092434,9.591970584042262
2023-10-06,1.0092660717407034,1.1104323636494624,1.0216470708452814,-0.10116629190875903,0.10116629190875903,0.010234618618568243,10.02374841891547
2023-10-09,0.9608134443734322,1.110459518369461,1.0092660717407034,-0.1496460739960288,0.1496460739960288,0.02239394746242493,15.57493547497312
2023-10-10,0.9980865226123355,1.0911749933770025,0.9608134443734322,-0.09308847076466698,0.09308847076466698,0.008665463389304259,9.326693493568317
2023-10-11,1.2060847309564455,1.051316474393152,0.9980865226123355,0.15476825656329352,0.15476825656329352,0.023953213239641447,12.832287200963044
2023-10-12,1.1525083963784526,1.0705544294510478,1.2060847309564455,0.08195396692740475,0.08195396692740475,0.006716452695138152,7.110921463559844
2023-10-13,1.0866592263517203,1.071942875757854,1.1525083963784526,0.014716350593866334,0.014716350593866334,0.00021657097480159,1.3542746646779102
2023-10-16,1.1132197551507697,1.0621522090369102,1.0866592263517203,0.05106754611385944,0.05106754611385944,0.0026078942660911603,4.587373326566872
2023-10-17,1.1824606809755371,1.0752340210805513,1.1132197551507697,0.10722665989498581,0.10722665989498581,0.011497556592234958,9.068095169686586
2023-10-18,1.2185374014089567,1.099976108114099,1.1824606809755371,0.11856129329485765,0.11856129329485765,0.014056780267749258,9.7298033821341
2023-10-19,1.0375073107847324,1.136793816262031,1.2185374014089567,-0.09928650547729867,0.09928650547729867,0.009857810169893658,9.569716227079114
2023-10-20,1.060206543556699,1.1424253574295165,1.0375073107847324,-0.08221881387281749,0.08221881387281749,0.006759933354653005,7.754980798080736
2023-10-23,1.007144749854172,1.1215856163724098,1.060206543556699,-0.11444086651823793,0.11444086651823793,0.01309671192944515,11.362901562541852
2023-10-25,0.9754589726168448,1.1008193811546554,1.007144749854172,-0.1253604085378106,0.1253604085378106,0.01571523202876678,12.851428102763634
2023-10-26,1.0155932349436947,1.0849336306211017,0.9754589726168448,-0.06934039567740702,0.06934039567740702,0.004808090472699366,6.82757557766238
2023-10-27,0.9986491237641052,1.0709869848772338,1.0155932349436947,-0.07233786111312857,0.07233786111312857,0.005232766150422278,7.243571279617502
2023-10-30,0.9153696996772008,1.0447281909898865,0.9986491237641052,-0.12935849131268562,0.12935849131268562,0.01673361927469416,14.131830161988434
2023-10-31,0.9857109422323334,1.0014185193139211,0.9153696996772008,-0.015707577081587765,0.015707577081587765,0.0002467279777740212,1.5935277177724045
2023-11-01,0.978878350462762,0.9940190380921499,0.9857109422323334,-0.015140687629387917,0.015140687629387917,0.0002292404218907003,1.5467384299826632
2023-11-02,0.9786576864059736,0.982400724793016,0.978878350462762,-0.0037430383870423745,0.0037430383870423745,1.401033636687278e-05,0.382466559966266
2023-11-03,1.0896747536278668,0.9783311443004165,0.9786576864059736,0.11134360932745035,0.11134360932745035,0.01239739933806389,10.218059008594334
2023-11-06,1.08488063846482,0.994647684444848,1.0896747536278668,0.090232954019972,0.090232954019972,0.008141985991170381,8.317316285380278
2023-11-07,1.0680592271769611,1.004545884947866,1.08488063846482,0.06351334222909522,0.06351334222909522,0.0040339446411101695,5.946612380005405
2023-11-08,1.1598381257673112,1.0144616140068454,1.0680592271769611,0.14537651176046573,0.14537651176046573,0.02113433017164083,12.534207018267256
2023-11-09,1.1674632709952897,1.0493856748768609,1.1598381257673112,0.11807759611842883,0.11807759611842883,0.0139423187051068,10.114030912318546
2023-11-10,1.0296467675111218,1.0753502932715693,1.1674632709952897,-0.04570352576044745,0.04570352576044745,0.0020888122669358838,4.438757756790975
2023-11-12,-0.0532525787180852,1.0826029242784776,1.0296467675111218,-1.135855502996563,1.135855502996563,1.2901677236875748,2132.9586854557583
2023-11-13,0.982834839517039,0.9351871721178979,-0.0532525787180852,0.04764766739914106,0.04764766739914106,0.0022703002085791694,4.847983148679886
2023-11-15,1.180990075202001,0.9199243272449225,0.982834839517039,0.2610657479570786,0.2610657479570786,0.06815532475638889,22.105668238780492
2023-11-16,1.1508039571038424,0.9336542467788055,1.180990075202001,0.21714971032503694,0.21714971032503694,0.047153996694247455,18.869392044108388
2023-11-17,1.1266203719665795,0.9454749224826456,1.1508039571038424,0.18114544948393385,0.18114544948393385,0.03281367386873643,16.078659146535244
2023-11-20,0.957198089348293,0.9407295290825413,1.1266203719665795,0.01646856026575172,0.01646856026575172,0.00027121347722669633,1.7204965669085608
2023-11-21,1.0457713565657718,0.9106916459901131,0.957198089348293,0.1350797105756587,0.1350797105756587,0.018246528209203722,12.916753717490362
2023-11-22,1.0748553052722924,0.9129951587122059,1.0457713565657718,0.16186014656008652,0.16186014656008652,0.026198707044452686,15.058784728153022
2023-11-23,1.0042812857289125,1.0741534278536884,1.0748553052722924,-0.06987214212477588,0.06987214212477588,0.0048821162451048805,6.9574274775081895
2023-11-24,1.0074659335037812,1.077217205883956,1.0042812857289125,-0.06975127238017476,0.06975127238017476,0.00486523999865333,6.923437315403079
2023-11-28,1.0899172978882157,1.0524280427842103,1.0074659335037812,0.03748925510400536,0.03748925510400536,0.001405444248253192,3.4396421798831143
2023-11-29,1.216667359041234,1.0437299486105494,1.0899172978882157,0.17293741043068467,0.17293741043068467,0.02990734792647108,14.214025645182419
2023-11-30,1.6486570659926754,1.0565938039069287,1.216667359041234,0.5920632620857467,0.5920632620857467,0.35053890631161555,35.91185057817094
2023-12-01,1.2909943551576752,1.155373657713269,1.6486570659926754,0.1356206974444063,0.1356206974444063,0.018392973575307194,10.505134813532342
2023-12-04,1.4332404620628392,1.1904055146549695,1.2909943551576752,0.2428349474078697,0.2428349474078697,0.05896881168258285,16.943070882771575
2023-12-05,1.363060291042787,1.2416033941964761,1.4332404620628392,0.12145689684631078,0.12145689684631078,0.014751777791535378,8.910603415303967
2023-12-06,1.3412428970960864,1.2928575378127438,1.363060291042787,0.04838535928334253,0.04838535928334253,0.0023411429929781416,3.6075016231661894
2023-12-07,1.328558933691811,1.340539961183073,1.3412428970960864,-0.011981027491261953,0.011981027491261953,0.0001435450197463747,0.901806249420112
2023-12-08,1.3344490203320534,1.3746316234407296,1.328558933691811,-0.040182603108676274,0.040182603108676274,0.0016146415925894,3.0111755860615466
2023-12-11,1.277304163144031,1.391457575053704,1.3344490203320534,-0.11415341190967299,0.11415341190967299,0.013031001450619471,8.937057844443967
2023-12-12,1.196163496403728,1.3384071603610403,1.277304163144031,-0.14224366395731236,0.14224366395731236,0.020233259936000805,11.891657318165008
2023-12-13,1.2323484605811974,1.3248598948247623,1.196163496403728,-0.0925114342435649,0.0925114342435649,0.00855836546580143,7.506921719197414
2023-12-14,1.376101617617098,1.296161037470242,1.2323484605811974,0.07994058014685601,0.07994058014685601,0.006390496354215909,5.8092061751430615
2023-12-15,1.6134604192451876,1.2980240841237152,1.376101617617098,0.3154363351214724,0.3154363351214724,0.09950008151486585,19.550298932591136
2023-12-18,1.398021980149971,1.3369123015735866,1.6134604192451876,0.061109678576384274,0.061109678576384274,0.003734392815708999,4.371152917769491
2023-12-19,1.3401119759301188,1.346835593924752,1.398021980149971,-0.00672361799463328,0.00672361799463328,4.5207038937756444e-05,0.5017206110680924
2023-12-20,1.4324880561975293,1.347644587581619,1.3401119759301188,0.0848434686159103,0.0848434686159103,0.007198414166778956,5.922804609004784
2023-12-21,1.2054321760879894,1.3698137151606902,1.4324880561975293,-0.1643815390727008,0.1643815390727008,0.027021290387909864,13.636730654243125
2023-12-22,1.2582389853710014,1.3711378122584414,1.2054321760879894,-0.11289882688744002,0.11289882688744002,0.012746145112560149,8.97276496755113
2023-12-26,1.186668125649316,1.374836458656985,1.2582389853710014,-0.1881683330076691,0.1881683330076691,0.03540732154688506,15.856862499336785
2023-12-27,1.3157166321306475,1.3477745312330163,1.186668125649316,-0.03205789910236878,0.03205789910236878,0.0010277088948576572,2.4365352173480397
2023-12-28,1.493523258738909,1.3052397045023676,1.3157166321306475,0.1882835542365413,0.1882835542365413,0.03545069679594459,12.606670377234225
2023-12-29,1.4121839013464907,1.3188827443007871,1.493523258738909,0.09330115704570363,0.09330115704570363,0.008705105906067052,6.60687017864619
2024-01-01,1.160022284617563,1.3291787336459835,1.4121839013464907,-0.16915644902842053,0.16915644902842053,0.028613904247904633,14.582172366127272
2024-01-02,1.3531980660260376,1.2902550519917024,1.160022284617563,0.06294301403433522,0.06294301403433522,0.0039618230157265205,4.651426543874775
2024-01-03,1.3067119367452522,1.311364464839995,1.3531980660260376,-0.004652528094742703,0.004652528094742703,2.1646017672370165e-05,0.35604848811063766
2024-01-04,1.4831334962954856,1.3182891721791739,1.3067119367452522,0.16484432411631178,0.16484432411631178,0.027173651193363648,11.114597878616703
2024-01-05,1.372592197085425,1.3606413679857694,1.4831334962954856,0.011950829099655502,0.011950829099655502,0.00014282231616917273,0.8706758733607843
2024-01-08,1.185036082136915,1.3687664486935947,1.372592197085425,-0.18373036655667963,0.18373036655667963,0.03375684759505186,15.504200194931453
2024-01-09,1.2101646997068602,1.3246968520361668,1.185036082136915,-0.11453215232930658,0.11453215232930658,0.013117613917183487,9.464178913585055
2024-01-10,1.2043817607957383,1.2958369660876485,1.2101646997068602,-0.0914552052919102,0.0914552052919102,0.00836405457498544,7.593539546089231
2024-01-11,1.274783952961096,1.302174034113102,1.2043817607957383,-0.02739008115200603,0.02739008115200603,0.0007502165455134759,2.1486057373395506
2024-01-12,1.29856637164294,1.2909720179609676,1.274783952961096,0.007594353681972477,0.007594353681972477,5.7674207846888914e-05,0.5848259933270977
2024-01-15,1.339932661947708,1.2898083658034944,1.29856637164294,0.050124296144213654,0.050124296144213654,0.0025124450639528316,3.740807099317488
2024-01-16,1.3202333608787584,1.2693511037538117,1.339932661947708,0.05088225712494676,0.05088225712494676,0.0025890040901291956,3.8540350996038386
2024-01-17,1.2907721253214255,1.2618712700100023,1.3202333608787584,0.028900855311423168,0.028900855311423168,0.0008352594377318167,2.239036212857969
2024-01-18,1.2877523407383444,1.2769764190363608,1.2907721253214255,0.010775921701983604,0.010775921701983604,0.00011612048852728122,0.8368007854526696
2024-01-19,1.2890668785645782,1.2880603677551445,1.2877523407383444,0.0010065108094337027,0.0010065108094337027,1.0130640095068875e-06,0.07808057333336252
2024-01-20,0.9519936727562448,1.3001582417221214,1.2890668785645782,-0.34816456896587655,0.34816456896587655,0.12121856708319462,36.57215157300978
2024-01-23,1.331852186576972,1.25404534455,0.9519936727562448,0.07780684202697197,0.07780684202697197,0.006053904666210171,5.84200279964591
2024-01-24,1.3220973914698884,1.2588004609691474,1.331852186576972,0.06329693050074092,0.06329693050074092,0.004006501410815626,4.787614808797734
2024-01-25,1.3545473110079391,1.2562525651866017,1.3220973914698884,0.09829474582133746,0.09829474582133746,0.009661857056081339,7.256649141933245
2024-01-29,1.3957463463701738,1.261154558062199,1.3545473110079391,0.1345917883079748,0.1345917883079748,0.0181149494799387,9.64299771645463
2024-01-30,1.373222776051114,1.2761508753548774,1.3957463463701738,0.09707190069623661,0.09707190069623661,0.009422953904780023,7.068911351396302
2024-01-31,1.5266789336009206,1.2883609375424159,1.373222776051114,0.23831799605850468,0.23831799605850468,0.05679546724534145,15.610223656940947
2024-02-01,1.377555598516019,1.3223055168333218,1.5266789336009206,0.055250081682697294,0.055250081682697294,0.003052571525944723,4.010733341159937
2024-02-02,1.4433388210221811,1.3831000776561468,1.377555598516019,0.0602387433660343,0.0602387433660343,0.003628706202318941,4.173569122416652
2024-02-05,1.4248721024185125,1.3990267397197478,1.4433388210221811,0.025845362698764696,0.025845362698764696,0.0006679827730306975,1.8138724630018346
2024-02-06,1.456820877581798,1.4137088412838372,1.4248721024185125,0.043112036297960676,0.043112036297960676,0.0018586476737566789,2.9593230685657863
2024-02-07,1.4404881065264126,1.428319350794388,1.456820877581798,0.012168755732024472,0.012168755732024472,0.00014807861606567845,0.8447661370400456
2024-02-08,1.3425688871956138,1.4347110308167086,1.4404881065264126,-0.09214214362109474,0.09214214362109474,0.00849017463109045,6.863122220384772
2024-02-09,1.3073162892937875,1.4303319038373508,1.3425688871956138,-0.12301561454356325,0.12301561454356325,0.015132841421530529,9.409782127783041
2024-02-12,1.1891653030951752,1.3989943832220462,1.3073162892937875,-0.20982908012687096,0.20982908012687096,0.044028242866888834,17.645072521097365
2024-02-13,1.1504510118675142,1.3720814838762116,1.1891653030951752,-0.22163047200869745,0.22163047200869745,0.049120066122798026,19.264659661511985
2024-02-14,1.195987720442422,1.3302403682826875,1.1504510118675142,-0.13425264784026547,0.13425264784026547,0.018023773452122336,11.225253031076479
2024-02-15,1.2333583164679482,1.2975425994289604,1.195987720442422,-0.0641842829610122,0.0641842829610122,0.004119622179219281,5.204025635049924
2024-02-16,1.3219612645542975,1.2656193764126962,1.2333583164679482,0.05634188814160135,0.05634188814160135,0.003174408359360719,4.261992363338812
2024-02-19,1.194173914956702,1.2486869704166799,1.3219612645542975,-0.054513055459977755,0.054513055459977755,0.0029716732155826106,4.564917620224041
2024-02-20,1.210934225123259,1.227487688668264,1.194173914956702,-0.016553463545004865,0.016553463545004865,0.000274017155335805,1.3669993961331726
2024-02-21,1.2823007807319218,1.2137188223581883,1.210934225123259,0.06858195837373349,0.06858195837373349,0.0047034850143765124,5.3483519158888555
2024-02-22,1.197290718156578,1.2270238905920092,1.2823007807319218,-0.029733172435431277,0.029733172435431277,0.0008840615430750902,2.4833711632885858
2024-02-23,1.2064514671459858,1.2337152772047326,1.197290718156578,-0.027263810058746785,0.027263810058746785,0.0007433153389194224,2.259834796607508
2024-02-26,1.1255623849565377,1.2352100981623846,1.2064514671459858,-0.10964771320584688,0.10964771320584688,0.012022621011271648,9.741593595461241
2024-02-27,1.185016148145248,1.2198106793750403,1.1255623849565377,-0.03479453122979237,0.03479453122979237,0.0012106594035009965,2.9362073490940808
2024-02-28,1.2359424713583735,1.2002470913166048,1.185016148145248,0.035695380041768754,0.035695380041768754,0.0012741601563263031,2.8881101563357903
2024-02-29,1.608581878579435,1.2062140279454148,1.2359424713583735,0.40236785063402025,0.40236785063402025,0.16189988722384124,25.0138246608471
2024-03-01,1.1773624129362097,1.2630208355820114,1.608581878579435,-0.0856584226458017,0.0856584226458017,0.007337365370166794,7.275450762198125
2024-03-02,-0.1570316162802664,1.2480296401826239,1.1773624129362097,-1.4050612564628904,1.4050612564628904,1.9741971344130762,894.7632901868433
2024-03-04,1.1892324514747312,1.0545550209773604,-0.1570316162802664,0.1346774304973708,0.1346774304973708,0.01813801028537414,11.324735574644082
2024-03-05,1.2222736067160531,1.0520951615957526,1.1892324514747312,0.17017844512030056,0.17017844512030056,0.028960703183563148,13.923105611151005
2024-03-06,1.2240336653963142,1.0659110504185405,1.2222736067160531,0.1581226149777737,0.1581226149777737,0.02500276136740926,12.918158989244564
2024-03-07,1.2224845336958972,1.0714849814544072,1.2240336653963142,0.15099955224148998,0.15099955224148998,0.02280086477713046,12.351857882813292
2024-03-11,1.1919709628684492,1.0695624189311963,1.2224845336958972,0.12240854393725287,0.12240854393725287,0.014983851628838366,10.269423312349797
2024-03-12,1.1615345577349845,1.010046573829627,1.1919709628684492,0.15148798390535756,0.15148798390535756,0.02294860926770987,13.042055692321556
2024-03-13,1.2889049998242703,1.0077854516580234,1.1615345577349845,0.28111954816624696,0.28111954816624696,0.07902820036119484,21.810726795580347
2024-03-14,1.1830722237600275,1.2143478253872428,1.2889049998242703,-0.03127560162721532,0.03127560162721532,0.0009781632571442737,2.6435919125728047
2024-03-15,1.4653074229986556,1.213467792856571,1.1830722237600275,0.25183963014208466,0.25183963014208466,0.063423199310102,17.186811872331294
2024-03-18,1.0676299932649325,1.248186909468371,1.4653074229986556,-0.1805569162034386,0.1805569162034386,0.032600799988895555,16.911937407385423
2024-03-19,1.0624390005582385,1.2258435277353166,1.0676299932649325,-0.1634045271770781,0.1634045271770781,0.026701039501964455,15.38013260913994
2024-03-20,1.04009918916795,1.2029798801442226,1.0624390005582385,-0.16288069097627256,0.16288069097627256,0.026530119492907997,15.660111330975319
2024-03-21,1.2602772131142204,1.1812839124727226,1.04009918916795,0.07899330064149779,0.07899330064149779,0.0062399415462380545,6.267930564760479
2024-03-22,1.274710270330732,1.195390006098328,1.2602772131142204,0.07932026423240401,0.07932026423240401,0.006291704317898391,6.222611214376099
2024-03-26,1.2771363307873913,1.193362187599251,1.274710270330732,0.08377414318814025,0.08377414318814025,0.007018107066907025,6.559530190210083
2024-03-27,1.3908055272918192,1.2067999171745887,1.2771363307873913,0.1840056101172305,0.1840056101172305,0.03385806455461424,13.230146595371014
2024-03-28,1.4433338667973397,1.196156789216469,1.3908055272918192,0.2471770775808706,0.2471770775808706,0.06109650768141972,17.125426297197603
2024-04-01,1.2335171895209294,1.2498287711496705,1.4433338667973397,-0.016311581628741134,0.016311581628741134,0.00026606769523108525,1.3223635444493635
2024-04-02,1.3716318503352596,1.2742685124300546,1.2335171895209294,0.09736333790520502,0.09736333790520502,0.009479619568043132,7.098357907145937
2024-04-03,1.4338451587839842,1.3216303211682416,1.3716318503352596,0.11221483761574258,0.11221483761574258,0.012592169781127475,7.8261475395927524
2024-04-04,1.3959855034065678,1.3464257419782082,1.4338451587839842,0.049559761428359606,0.049559761428359606,0.0024561699528359206,3.5501630430560267
2024-04-05,1.4052005552184597,1.363750775274756,1.3959855034065678,0.04144977994370369,0.04144977994370369,0.0017180842573814607,2.94974121592627
2024-04-08,1.3765093665348205,1.3820456644791945,1.4052005552184597,-0.005536297944374047,0.005536297944374047,3.0650594928880295e-05,0.4021983488794516
2024-04-09,1.3172044744804037,1.380003355799623,1.3765093665348205,-0.06279888131921929,0.06279888131921929,0.0039436994949453895,4.7675879133337675
2024-04-10,1.4027722865112775,1.3619848711829177,1.3172044744804037,0.04078741532835983,0.04078741532835983,0.0016636132491681228,2.9076291084848096
2024-04-12,1.4168313044286514,1.3861641707529677,1.4027722865112775,0.030667133675683633,0.030667133675683633,0.0009404730878822492,2.164487302039843
2024-04-15,1.2711335523702083,1.392621235623452,1.4168313044286514,-0.12148768325324366,0.12148768325324366,0.01475925718224046,9.55742872389079
2024-04-16,1.2974479783847264,1.369376720421484,1.2711335523702083,-0.07192874203675759,0.07192874203675759,0.005173743930990418,5.543863278919757
2024-04-18,1.389843413603307,1.3552999311326495,1.2974479783847264,0.03454348247065764,0.03454348247065764,0.0011932521812006314,2.485422611825042
2024-04-19,1.2473230318645934,1.3531060537590565,1.389843413603307,-0.10578302189446309,0.10578302189446309,0.011190047721124459,8.480804025267663
2024-04-22,1.3624748637444388,1.334650863091881,1.2473230318645934,0.027824000652557856,0.027824000652557856,0.00077417501231354,2.042166163424857
2024-04-23,1.374165623636786,1.3411180615581717,1.3624748637444388,0.03304756207861437,0.03304756207861437,0.0010921413593398704,2.4049184108646693
2024-04-24,1.42051796425188,1.3370313954332445,1.374165623636786,0.08348656881863548,0.08348656881863548,0.006970007173108758,5.877192046818213
2024-04-25,1.4988092003394289,1.337558061122277,1.42051796425188,0.16125113921715184,0.16125113921715184,0.026001929898829285,10.758616852674376
2024-04-26,1.4142756385525703,1.3700831536893088,1.4988092003394289,0.04419248486326155,0.04419248486326155,0.001952975718389601,3.1247434134190426
2024-04-29,1.4067861468330405,1.386772819427572,1.4142756385525703,0.020013327405468573,0.020013327405468573,0.00040053327383847946,1.4226275578930465
2024-04-30,1.5640484969512414,1.3891932098889623,1.4067861468330405,0.17485528706227904,0.17485528706227904,0.030574371413632007,11.179658904638817
2024-05-02,1.4323233949964873,1.4344397049013407,1.5640484969512414,-0.002116309904853342,0.002116309904853342,4.4787676133803605e-06,0.1477536366609813
2024-05-03,1.574457602510288,1.4444180665087762,1.4323233949964873,0.13003953600151186,0.13003953600151186,0.016910280923488497,8.259322816580076
2024-05-06,1.3941201295737056,1.4730312063478481,1.574457602510288,-0.07891107677414255,0.07891107677414255,0.00622695803765462,5.660278128131756
2024-05-07,1.4434947929752993,1.469260087108109,1.3941201295737056,-0.025765294132809702,0.025765294132809702,0.0006638503817501981,1.7849246327867143
2024-05-08,1.3784002868653091,1.4613580289132333,1.4434947929752993,-0.08295774204792417,0.08295774204792417,0.006881986965689925,6.018407195531178
2024-05-09,1.2696276561485682,1.456232978672196,1.3784002868653091,-0.18660532252362771,0.18660532252362771,0.03482154639414712,14.697641597513508
2024-05-10,1.2526455813598174,1.4366389085744142,1.2696276561485682,-0.18399332721459682,0.18399332721459682,0.033853544459497696,14.688378736375032
2024-05-13,1.210169910947981,1.3921527777756393,1.2526455813598174,-0.18198286682765819,0.18198286682765819,0.03311776381881317,15.03779470810861
2024-05-14,1.2735705295606394,1.3604165657687097,1.210169910947981,-0.0868460362080703,0.0868460362080703,0.007542234005053458,6.819099075575401
2024-05-15,1.3529507486176966,1.3174326982044744,1.2735705295606394,0.0355180504132222,0.0355180504132222,0.001261531905156194,2.6252286307916846
2024-05-16,1.4459592184027836,1.3115513580679017,1.3529507486176966,0.13440786033488195,0.13440786033488195,0.01806547291980113,9.295411559625435
2024-05-17,1.3719900417151172,1.3119034188432566,1.4459592184027836,0.06008662287186062,0.06008662287186062,0.0036104022481452036,4.3795232505293304
2024-05-18,0.3140055087955666,1.3109876695360863,1.3719900417151172,-0.9969821607405196,0.9969821607405196,0.9939734288348353,317.5046719927468
2024-05-21,1.4199348867798207,1.174470219914229,0.3140055087955666,0.24546466686559176,0.24546466686559176,0.06025290267943594,17.287036831827223
2024-05-22,1.376973134782188,1.1983686921170862,1.4199348867798207,0.1786044426651019,0.1786044426651019,0.03189954693971167,12.97080082055151
2024-05-23,1.399485586303109,1.2221977240934017,1.376973134782188,0.17728786220970738,0.17728786220970738,0.03143098608688819,12.66807346533895
2024-05-24,1.4792738629208215,1.2401855893423261,1.399485586303109,0.23908827357849538,0.23908827357849538,0.05716320256274545,16.16254295917974
2024-05-27,1.5695574031209552,1.2582317485284868,1.4792738629208215,0.3113256545924683,0.3113256545924683,0.09692366320742889,19.835251260859845
2024-05-28,1.426235796967089,1.275888632059654,1.5695574031209552,0.15034716490743483,0.15034716490743483,0.0226042699957034,10.541536345332956
2024-05-29,1.4167167867703334,1.2836380256670787,1.426235796967089,0.13307876110325467,0.13307876110325467,0.017709956656777128,9.3934625710642
2024-05-30,1.4141982879450965,1.4411682082349024,1.4167167867703334,-0.026969920289805938,0.026969920289805938,0.000727376600438486,1.9070819502259921
2024-05-31,1.9338665483907276,1.440348694115656,1.4141982879450965,0.49351785427507155,0.49351785427507155,0.24355987248827077,25.519747196917685
2024-06-03,1.6264519554639578,1.5199048960597332,1.9338665483907276,0.1065470594042246,0.1065470594042246,0.011352275867687365,6.550888825598985
2024-06-04,1.5321467299959353,1.5523286630827118,1.6264519554639578,-0.020181933086776516,0.020181933086776516,0.00040731042311912467,1.3172323963273451
2024-06-05,1.4729111803862251,1.5598819298077278,1.5321467299959353,-0.08697074942150262,0.08697074942150262,0.007563911254937799,5.904683906241872
2024-06-06,1.5176957365901018,1.5460753265599094,1.4729111803862251,-0.028379589969807606,0.028379589969807606,0.0008054011268544044,1.8699130059869402
2024-06-07,1.631622152537718,1.5591410322203398,1.5176957365901018,0.07248112031737808,0.07248112031737808,0.005253512802462237,4.442273611243001
2024-06-10,1.5828067413564029,1.5898417987585376,1.631622152537718,-0.007035057402134726,0.007035057402134726,4.949203265133059e-05,0.44446723774413294
2024-06-11,1.542350946351358,1.6139287206744386,1.5828067413564029,-0.07157777432308055,0.07157777432308055,0.005123377777045849,4.640822796679806
2024-06-12,1.5728967515893495,1.5579979203830996,1.542350946351358,0.014898831206249907,0.014898831206249907,0.00022197517131232608,0.9472224538066617
2024-06-13,1.6313228588988251,1.5503471769724413,1.5728967515893495,0.08097568192638382,0.08097568192638382,0.006557061063442884,4.963804772590755
2024-06-14,1.564223537131214,1.56451519538714,1.6313228588988251,-0.0002916582559258085,0.0002916582559258085,8.506453824968442e-08,0.01864556113640316
2024-06-18,1.588535453296727,1.5775598177792813,1.564223537131214,0.010975635517445737,0.010975635517445737,0.00012046457501181634,0.6909279547187774
2024-06-19,1.5779245318269324,1.587679777308799,1.588535453296727,-0.00975524548186657,0.00975524548186657,9.516481441147813e-05,0.6182327028385748
2024-06-20,1.5826615309911551,1.5800086886358298,1.5779245318269324,0.002652842355325369,0.002652842355325369,7.03757256220825e-06,0.1676190583632878
2024-06-21,1.7410006994163012,1.5799879442979372,1.5826615309911551,0.161012755118364,0.161012755118364,0.02592510731080625,9.248287790599173
2024-06-24,1.5182038168568268,1.6083664804500721,1.7410006994163012,-0.09016266359324532,0.09016266359324532,0.008129305906228724,5.938772027323131
2024-06-25,1.4761929348863152,1.6005532040597115,1.5182038168568268,-0.12436026917339627,0.12436026917339627,0.015465476548879573,8.424391299703213
2024-06-26,1.4871535459163907,1.5783917863436387,1.4761929348863152,-0.09123824042724804,0.09123824042724804,0.008324416516260319,6.13509214820361
2024-06-27,1.630071793339594,1.5673817875986642,1.4871535459163907,0.06269000574092987,0.06269000574092987,0.0039300368197978195,3.845843232002335
2024-06-28,1.4817349736241912,1.5733155504619307,1.630071793339594,-0.09158057683773957,0.09158057683773957,0.008387002053933121,6.180631386039413
2024-07-01,1.454829567772381,1.559574185004396,1.4817349736241912,-0.104744617232015,0.104744617232015,0.010971434839081334,7.199786116005245
2024-07-02,1.451596690328237,1.5413124759731427,1.454829567772381,-0.08971578564490579,0.08971578564490579,0.008048922193882684,6.180489818051262
2024-07-03,1.4799685131958642,1.4999690461034196,1.451596690328237,-0.020000532907555435,0.020000532907555435,0.00040002131658620785,1.3514161098174995
2024-07-04,1.476676364860107,1.494506859866139,1.4799685131958642,-0.017830495006032177,0.017830495006032177,0.00031792655216013836,1.2074748015433532
2024-07-05,1.4841662957053032,1.4945759212909664,1.476676364860107,-0.010409625585663163,0.010409625585663163,0.00010836030483369314,0.7013786538466241
2024-07-08,1.4714088238988718,1.4941491712608113,1.4841662957053032,-0.022740347361939417,0.022740347361939417,0.000517123398141665,1.5454812416907413
2024-07-09,1.5624421104344042,1.4714830327692794,1.4714088238988718,0.09095907766512479,0.09095907766512479,0.008273553809690203,5.821596656776968
2024-07-10,1.499891891671017,1.4830126237421666,1.5624421104344042,0.016879267928850528,0.016879267928850528,0.000284909685813922,1.125365636188984
2024-07-11,1.4834931678518892,1.4894500985848291,1.499891891671017,-0.005956930732939902,0.005956930732939902,3.548502375704392e-05,0.40154756772932015
2024-07-12,1.527473408945861,1.4940067382310656,1.4834931678518892,0.03346667071479548,0.03346667071479548,0.0011200180487325492,2.1909822140793582
2024-07-15,1.576216578589051,1.5007931519096362,1.527473408945861,0.0754234266794147,0.0754234266794147,0.0056886932920650465,4.785092842186061
2024-07-16,1.5580965461736158,1.5150131824423423,1.576216578589051,0.04308336373127353,0.04308336373127353,0.0018561762304012152,2.7651279913993743
2024-07-18,1.6773206303529566,1.5255746467949582,1.5580965461736158,0.1517459835579984,0.1517459835579984,0.02302684352598432,9.046927630411764
2024-07-19,1.4673060720800928,1.5549906191455423,1.6773206303529566,-0.08768454706544948,0.08768454706544948,0.007688579794073025,5.975886608384677
2024-07-22,1.4107614102069137,1.5413997565234976,1.4673060720800928,-0.1306383463165839,0.1306383463165839,0.017066377528331705,9.260130406985219
2024-07-23,1.5346597927189942,1.5286668306000541,1.4107614102069137,0.005992962118940071,0.005992962118940071,3.591559495905066e-05,0.3905075344628788
2024-07-24,1.5126500600795434,1.5359763484382118,1.5346597927189942,-0.023326288358668457,0.023326288358668457,0.0005441157285917516,1.542080946166877
2024-07-25,1.5116846198515317,1.5338587271715955,1.5126500600795434,-0.022174107320063863,0.022174107320063863,0.0004916910354417098,1.4668474514374343
2024-07-26,1.6075464502288883,1.5246398759233781,1.5116846198515317,0.08290657430551018,0.08290657430551018,0.006873500063075081,5.157336156209088
2024-07-29,1.6083892249674487,1.531704147931274,1.6075464502288883,0.07668507703617466,0.07668507703617466,0.005880601040044043,4.7678183766573445
2024-07-30,1.5701345002349083,1.5218568043047733,1.6083892249674487,0.04827769593013498,0.04827769593013498,0.0023307359243225716,3.0747490691346595
2024-07-31,1.6345354912376036,1.5365465797554612,1.5701345002349083,0.0979889114821424,0.0979889114821424,0.009601826773455138,5.994908768114248
2024-08-01,1.6028119972626924,1.5685143056169883,1.6345354912376036,0.034297691645704065,0.034297691645704065,0.0011763316522237985,2.139844954010714
2024-08-02,1.4514130391633722,1.5782503348375168,1.6028119972626924,-0.1268372956741446,0.1268372956741446,0.01608769957393038,8.738883574261983
2024-08-05,1.5198408227406996,1.5695021889923493,1.4514130391633722,-0.04966136625164963,0.04966136625164963,0.002466251297980485,3.26753733079075
2024-08-06,1.4371906472610574,1.5706673608336588,1.5198408227406996,-0.13347671357260138,0.13347671357260138,0.01781603306614227,9.287335248596014
2024-08-07,1.445975161698072,1.54633081755254,1.4371906472610574,-0.10035565585446804,0.10035565585446804,0.010071257661980425,6.940344378849218
2024-08-08,1.3666330902770816,1.523128808514058,1.445975161698072,-0.1564957182369764,0.1564957182369764,0.024490909826507104,11.451187546267247
2024-08-09,1.3367950159624284,1.4940571785200827,1.3666330902770816,-0.15726216255765424,0.15726216255765424,0.024731387772310067,11.764119455848885
2024-08-12,1.3883753439749822,1.4515228249093435,1.3367950159624284,-0.06314748093436129,0.06314748093436129,0.003987604348355523,4.548300371970534
2024-08-13,1.3262002164623872,1.4208890172968134,1.3883753439749822,-0.09468880083442621,0.09468880083442621,0.008965969003461634,7.139857139143493
2024-08-14,1.267573385799284,1.4030014711966727,1.3262002164623872,-0.13542808539738882,0.13542808539738882,0.01834076631440244,10.684042984382556
2024-08-16,1.375311231846881,1.3669632659193276,1.267573385799284,0.00834796592755338,0.00834796592755338,6.968853512759217e-05,0.6069874028690252
2024-08-19,1.398584590364561,1.3581233494315883,1.375311231846881,0.040461240932972764,0.040461240932972764,0.0016371120178360708,2.893013494623587
2024-08-20,1.4427968346462727,1.3513532678125149,1.398584590364561,0.09144356683375787,0.09144356683375787,0.008361925915279943,6.337937860542707
2024-08-21,1.4606970535331396,1.3622338027223997,1.4427968346462727,0.09846325081073992,0.09846325081073992,0.009695011760218676,6.740839969011825
2024-08-22,1.4983073727705245,1.37993409380393,1.4606970535331396,0.11837327896659455,0.11837327896659455,0.014012233173303216,7.900466961442643
2024-08-23,1.3986210122277003,1.39563866934615,1.4983073727705245,0.002982342881550304,0.002982342881550304,8.89436906313377e-06,0.21323452568470122
2024-08-26,1.455182445048858,1.4059844973126232,1.3986210122277003,0.04919794773623476,0.04919794773623476,0.0024204380614572868,3.3808783155422772
2024-08-27,1.5298991406397706,1.4327857914911337,1.455182445048858,0.0971133491486369,0.0971133491486369,0.009431002582865054,6.347696169567504
2024-08-28,1.454287301188698,1.4548697784615465,1.5298991406397706,-0.0005824772728484362,0.0005824772728484362,3.3927977338495157e-07,0.040052421029347765
2024-08-29,1.5054187120705178,1.4628273085792804,1.454287301188698,0.042591403491237356,0.042591403491237356,0.0018140276513533857,2.8292064626098696
2024-08-30,1.8004212480678687,1.4717732910684584,1.5054187120705178,0.3286479569994103,0.3286479569994103,0.10800947963988623,18.25394792202661
2024-09-02,1.356233185336021,1.520305318859134,1.8004212480678687,-0.164072133523113,0.164072133523113,0.026919664998826223,12.097634484770582
2024-09-03,1.3594790203310805,1.5000090063684905,1.356233185336021,-0.14052998603741007,0.14052998603741007,0.01974867697567467,10.337047055215765
2024-09-04,1.5044922836460508,1.4944172932404023,1.3594790203310805,0.01007499040564852,0.01007499040564852,0.00010150543167390974,0.6696604904634246
2024-09-05,1.4955495412777695,1.501461555897144,1.5044922836460508,-0.005912014619374517,0.005912014619374517,3.495191685969802e-05,0.39530717346370237
2024-09-06,1.477996239474887,1.4965544702740008,1.4955495412777695,-0.018558230799113895,0.018558230799113895,0.00034440793039317957,1.2556345072777313
2024-09-09,1.3407404916531165,1.4999414614577422,1.477996239474887,-0.15920096980462572,0.15920096980462572,0.02534494878673335,11.874107688679775
2024-09-10,1.3055997079857828,1.4764160013981136,1.3407404916531165,-0.17081629341233073,0.17081629341233073,0.029178206095127463,13.083358732965559
2024-09-11,1.3163411005683945,1.4057272099578155,1.3055997079857828,-0.08938610938942104,0.08938610938942104,0.007989876551777545,6.790497489657067
2024-09-12,1.412692435723715,1.4000283407052974,1.3163411005683945,0.012664095018417587,0.012664095018417587,0.00016037930263550915,0.8964509682484311
2024-09-13,1.435773841848769,1.4076302571899595,1.412692435723715,0.028143584658809617,0.028143584658809617,0.0007920613574475841,1.9601683662498426
2024-09-16,1.3092046773743795,1.3978133369332049,1.435773841848769,-0.08860865955882535,0.08860865955882535,0.007851494548811812,6.768128856408513
2024-09-17,1.283519477352346,1.3711926420898635,1.3092046773743795,-0.08767316473751752,0.08767316473751752,0.007686583815091885,6.8306844021074316
2024-09-18,1.2686922203790336,1.343410247500929,1.283519477352346,-0.07471802712189546,0.07471802712189546,0.005582783576988305,5.8893737915073485
2024-09-19,1.3700156361492537,1.3331176373189173,1.2686922203790336,0.0368979988303364,0.0368979988303364,0.0013614623176835062,2.6932538473828496
2024-09-20,1.7272260992316637,1.3423199127708416,1.3700156361492537,0.3849061864608221,0.3849061864608221,0.14815277237581315,22.284643952059497
2024-09-23,1.424159816356357,1.4010177697227373,1.7272260992316637,0.02314204663361963,0.02314204663361963,0.0005355543223926256,1.6249613539039052
2024-09-24,1.4926557010533148,1.4026559669559717,1.424159816356357,0.08999973409734308,0.08999973409734308,0.008099952137592457,6.029503926044929
2024-09-25,1.3931592653575706,1.4107819468423355,1.4926557010533148,-0.01762268148476487,0.01762268148476487,0.0003105589027134745,1.264943780870725
2024-09-26,1.4803471441508065,1.422775459411363,1.3931592653575706,0.05757168473944341,0.05757168473944341,0.003314498883737861,3.8890664913917274
2024-09-27,1.7624626223620543,1.4508936975254287,1.4803471441508065,0.31156892483662557,0.31156892483662557,0.09707519492385083,17.678044395577626
2024-09-30,1.438220511082703,1.5214323263801457,1.7624626223620543,-0.08321181529744259,0.08321181529744259,0.006924206205095701,5.785748058536595
2024-10-01,1.3287019905354354,1.5311758799420672,1.438220511082703,-0.2024738894066318,0.2024738894066318,0.040995675891448966,15.238472648410772
2024-10-03,1.330583756907064,1.4742438644140345,1.3287019905354354,-0.14366010750697056,0.14366010750697056,0.02063822648891434,10.796772977366553
2024-10-04,1.3737331350191555,1.4608758559212784,1.330583756907064,-0.08714272090212294,0.08714272090212294,0.007593853806225294,6.3434970505321475
2024-10-07,1.2871615996485115,1.4438869179163984,1.3737331350191555,-0.15672531826788694,0.15672531826788694,0.024562825386170453,12.176040546166412
2024-10-08,1.274156160971358,1.4287443942436757,1.2871615996485115,-0.15458823327231763,0.15458823327231763,0.02389752186625649,12.132597087194293
2024-10-09,1.2957688064340758,1.3992885395037544,1.274156160971358,-0.10351973306967865,0.10351973306967865,0.01071633513481752,7.9890588935045015
2024-10-10,1.1829491935435943,1.332617994371186,1.2957688064340758,-0.1496688008275917,0.1496688008275917,0.022400749941169317,12.652174890051699
2024-10-11,1.0059028844308535,1.2961506632941706,1.1829491935435943,-0.2902477788633171,0.2902477788633171,0.08424377313508902,28.854453382698193
2024-10-14,1.0167878650269428,1.2500365052792302,1.0059028844308535,-0.2332486402522873,0.2332486402522873,0.05440492817954094,22.93975452255291
2024-10-15,1.2190882840704251,1.2052085207249272,1.0167878650269428,0.013879763345497897,0.013879763345497897,0.00019264783052702698,1.1385363576093626
2024-10-16,1.2374557876878796,1.1831163991608231,1.2190882840704251,0.05433938852705644,0.05433938852705644,0.0029527691454943935,4.391218584753376
2024-10-17,1.2449756689645042,1.1760155688807328,1.2374557876878796,0.0689601000837714,0.0689601000837714,0.0047554954035637685,5.539072112238809
2024-10-18,1.1486159065841586,1.171846927165468,1.2449756689645042,-0.023231020581309325,0.023231020581309325,0.0005396803172492174,2.022522972922733
2024-10-21,1.0716228967076469,1.1508250843297656,1.1486159065841586,-0.07920218762211872,0.07920218762211872,0.006272986524129297,7.390863695190916
2024-10-22,1.1136815097326864,1.1349213276389158,1.0716228967076469,-0.02123981790622942,0.02123981790622942,0.00045112986468978384,1.9071716393430602
2024-10-23,1.1524119176846055,1.1503182741106062,1.1136815097326864,0.0020936435739993264,0.0020936435739993264,4.383343414948673e-06,0.1816749325367806
2024-10-24,1.0114584510550793,1.1696931387759864,1.1524119176846055,-0.1582346877209071,0.1582346877209071,0.025038216398132987,15.644210353460222
2024-10-25,1.08155241949973,1.1400317340595085,1.0114584510550793,-0.05847931455977862,0.05847931455977862,0.0034198302313815355,5.4069792185225865
2024-10-28,0.9967771856795934,1.1177598243183444,1.08155241949973,-0.12098263863875103,0.12098263863875103,0.014636798851994613,12.13738038719919
2024-10-29,1.0217413583805737,1.0823028981347855,0.9967771856795934,-0.06056153975421186,0.06056153975421186,0.003667700097400983,5.927286710816904
2024-10-30,1.154983219569202,1.0641779626771306,1.0217413583805737,0.09080525689207142,0.09080525689207142,0.008245594679235083,7.862041227399039
2024-10-31,1.1550481715145062,1.0760865802287813,1.154983219569202,0.07896159128572489,0.07896159128572489,0.006234932898373864,6.836216292363803
2024-11-01,0.0296699729640489,1.0819961033404701,1.1550481715145062,-1.0523261303764213,1.0523261303764213,1.1073902846730128,3546.771450218457
2024-11-04,0.9950569894463838,0.9216043969518191,0.0296699729640489,0.0734525924945647,0.0734525924945647,0.0053952833441725835,7.381747304285683
2024-11-05,1.055965932313245,0.9192613310077197,0.9950569894463838,0.13670460130552542,0.13670460130552542,0.018688148018102663,12.945929136752959
2024-11-06,1.2181760501664092,0.9156061185525075,1.055965932313245,0.30256993161390167,0.30256993161390167,0.09154856351684112,24.83794781325483
2024-11-07,1.1539256503704016,0.9472345277649098,1.2181760501664092,0.20669112260549183,0.20669112260549183,0.04272122016391845,17.911996543204108
2024-11-08,0.9966990414192692,0.966117998049171,1.1539256503704016,0.03058104337009826,0.03058104337009826,0.0009352002136038308,3.0682324452275767
2024-11-11,0.9853618870612396,0.9435059725991807,0.9966990414192692,0.04185591446205894,0.04185591446205894,0.0017519175754551948,4.2477707948387105
2024-11-12,0.976414648348752,0.9192650748201425,0.9853618870612396,0.0571495735286095,0.0571495735286095,0.0032660737545019435,5.853002474436151
2024-11-13,0.9250495825238092,1.0545143141608144,0.976414648348752,-0.12946473163700523,0.12946473163700523,0.01676111673784178,13.995437010391065
2024-11-14,0.9238034921860048,1.044513256029018,0.9250495825238092,-0.12070976384301324,0.12070976384301324,0.014570847087036027,13.066606141245105
2024-11-18,0.9197440971783978,1.0256329074394122,0.9238034921860048,-0.10588881026101438,0.10588881026101438,0.011212440138493103,11.512855650377247
2024-11-19,0.9761073752898134,0.9829997712982678,0.9197440971783978,-0.006892396008454371,0.006892396008454371,4.7505122737357746e-05,0.7061104324109803
2024-11-21,0.9852176085296124,0.9575971605724695,0.9761073752898134,0.027620447957142913,0.027620447957142913,0.0007628891453532401,2.80348703860105
2024-11-22,1.0151526452126132,0.9559569558739469,0.9852176085296124,0.05919568933866626,0.05919568933866626,0.003504129636279886,5.83121066746256
2024-11-25,1.6034579583601247,0.9602127784670004,1.0151526452126132,0.6432451798931244,0.6432451798931244,0.4137643614557379,40.11612381474465
2024-11-26,1.0194115742041587,1.0497903941829105,1.6034579583601247,-0.030378819978751803,0.030378819978751803,0.0009228727033014097,2.9800348306294393
2024-11-27,1.0709919528996352,1.063270678708675,1.0194115742041587,0.007721274190960248,0.007721274190960248,5.961807513198883e-05,0.7209460510002379
2024-11-28,1.1745531182190718,1.084297601667765,1.0709919528996352,0.09025551655130681,0.09025551655130681,0.008146058267943217,7.684243066687155
2024-11-29,1.1995857950381532,1.1206988903878614,1.1745531182190718,0.0788869046502918,0.0788869046502918,0.00622314372530423,6.576178625704948
2024-12-02,1.121186289003604,1.1526243789233386,1.1995857950381532,-0.031438089919734624,0.031438089919734624,0.0009883534978013199,2.8040023525148166
2024-12-03,1.2947727167523773,1.172048476133909,1.121186289003604,0.12272424061846832,0.12272424061846832,0.01506123923537971,9.478438882021878
2024-12-04,1.3116054833961803,1.2119942006395894,1.2947727167523773,0.09961128275659092,0.09961128275659092,0.009922407652413508,7.5946070687859875
2024-12-05,1.2433489748162625,1.1703009899304544,1.3116054833961803,0.0730479848858081,0.0730479848858081,0.0053360080958772494,5.875099136716855
2024-12-06,1.2456393828514891,1.202292047160755,1.2433489748162625,0.04334733569073412,0.04334733569073412,0.0018789915114851923,3.4799265571954217
2024-12-09,1.269821883976734,1.2272416800110197,1.2456393828514891,0.04258020396571416,0.04258020396571416,0.0018130737697618197,3.3532422541313145
2024-12-10,1.372220585881086,1.240851503690686,1.269821883976734,0.1313690821904001,0.1313690821904001,0.0172578357555481,9.573466798419267
2024-12-11,1.2069627817263748,1.2655136166682475,1.372220585881086,-0.05855083494187263,0.05855083494187263,0.003428200272390413,4.851088685446013
2024-12-12,1.1938751921708628,1.2777674013429292,1.2069627817263748,-0.08389220917206641,0.08389220917206641,0.007037902759769744,7.026882686080647
2024-12-13,1.1725104008326948,1.2633534692598558,1.1938751921708628,-0.09084306842716106,0.09084306842716106,0.008252463081261865,7.747740946489347
2024-12-16,1.0898829624662754,1.2434827431793578,1.1725104008326948,-0.15359978071308245,0.15359978071308245,0.023592892635107013,14.093236246716293
2024-12-17,1.1272176772640403,1.2215590271293595,1.0898829624662754,-0.09434134986531917,0.09434134986531917,0.008900290294410557,8.369399430844854
2024-12-18,1.0886360761354028,1.204641640616867,1.1272176772640403,-0.11600556448146415,0.11600556448146415,0.013457290990663137,10.656046315613334
2024-12-19,1.0751485243483407,1.1787579537823911,1.0886360761354028,-0.10360942943405038,0.10360942943405038,0.010734913867649465,9.636755023855814
2024-12-20,1.3473781709274404,1.1363190878491418,1.0751485243483407,0.21105908307829857,0.21105908307829857,0.04454593654985214,15.66442797073225
2024-12-23,0.917844680968808,1.1563784291635797,1.3473781709274404,-0.2385337481947717,0.2385337481947717,0.05689834902784675,25.988465493202327
2024-12-24,0.8476049921815514,1.1169454989918575,0.917844680968808,-0.2693405068103061,0.2693405068103061,0.07254430860883254,31.776654136625844
2024-12-26,0.8964410259993696,1.0705304406131229,0.8476049921815514,-0.17408941461375327,0.17408941461375327,0.03030712428055929,19.420063290797636
2024-12-27,0.8837687204407138,1.0428958782607078,0.8964410259993696,-0.1591271578199941,0.1591271578199941,0.025321452355869307,18.00552046474798
2024-12-30,1.3805490575734412,1.008117455857375,0.8837687204407138,0.37243160171606604,0.37243160171606604,0.13870529795679445,26.977063920544797
2024-12-31,0.9970071346766844,1.0498193103485238,1.3805490575734412,-0.05281217567183938,0.05281217567183938,0.0027891258991932233,5.29707098725684
