date,actual,prediction,previous_actual,error,absolute_error,squared_error,ape_pct
2022-04-26,0.8207767078602356,0.8287753143216643,0.8287753143216643,-0.007998606461428692,0.007998606461428692,6.397770532480883e-05,0.9745167455203565
2022-04-27,0.8380073879193775,0.8207767078602356,0.8207767078602356,0.017230680059141856,0.017230680059141856,0.0002968963353005088,2.0561489442142693
2022-04-28,0.8991854307363274,0.8380073879193775,0.8380073879193775,0.06117804281694994,0.06117804281694994,0.00374275292291256,6.803718201578544
2022-04-29,0.9524445562957192,0.8991854307363274,0.8991854307363274,0.05325912555939183,0.05325912555939183,0.002836534455351064,5.591834738027071
2022-05-02,0.6451812886847054,0.9524445562957192,0.9524445562957192,-0.30726326761101386,0.30726326761101386,0.09441071562299752,47.62433024637372
2022-05-04,0.723778161595648,0.6451812886847054,0.6451812886847054,0.07859687291094264,0.07859687291094264,0.006177468431378869,10.859249018741773
2022-05-05,0.7230503899288258,0.723778161595648,0.723778161595648,-0.0007277716668222523,0.0007277716668222523,5.296515990292393e-07,0.10065296650955285
2022-05-06,0.7188854882283248,0.7230503899288258,0.7230503899288258,-0.004164901700500989,0.004164901700500989,1.734640617483603e-05,0.579355372823742
2022-05-09,0.6423056425668348,0.7188854882283248,0.7188854882283248,-0.07657984566149001,0.07657984566149001,0.00586447276153763,11.922648749504257
2022-05-10,0.6106998528029759,0.6423056425668348,0.6423056425668348,-0.03160578976385886,0.03160578976385886,0.0009989259465972456,5.175339345309377
2022-05-11,0.6841743970435455,0.6106998528029759,0.6106998528029759,0.07347454424056965,0.07347454424056965,0.005398508651359427,10.739154308911274
2022-05-12,0.6131555818203936,0.6841743970435455,0.6841743970435455,-0.0710188152231519,0.0710188152231519,0.0050436721157001915,11.582511409633522
2022-05-13,0.5708169942300376,0.6131555818203936,0.6131555818203936,-0.042338587590356025,0.042338587590356025,0.0017925559991462492,7.417191152037372
2022-05-16,0.5155815678772384,0.5708169942300376,0.5708169942300376,-0.05523542635279921,0.05523542635279921,0.0030509523243755056,10.713227507378802
2022-05-17,0.6961333794906432,0.5155815678772384,0.5155815678772384,0.18055181161340483,0.18055181161340483,0.03259895667688243,25.936381867726777
2022-05-18,0.7741153313050545,0.6961333794906432,0.6961333794906432,0.07798195181441125,0.07798195181441125,0.0060811848087851585,10.07368652458338
2022-05-19,0.6051539541029016,0.7741153313050545,0.7741153313050545,-0.16896137720215287,0.16896137720215287,0.028547946986048185,27.920395472359804
2022-05-20,0.7073746204695853,0.6051539541029016,0.6051539541029016,0.1022206663666837,0.1022206663666837,0.01044906463244886,14.450711604386552
2022-05-23,0.7038562097784336,0.7073746204695853,0.7073746204695853,-0.0035184106911517743,0.0035184106911517743,1.2379213791611106e-05,0.49987634438280126
2022-05-24,0.6431616095307747,0.7038562097784336,0.7038562097784336,-0.060694600247658825,0.060694600247658825,0.003683834499223107,9.43691279893699
2022-05-25,0.6122368183565202,0.6431616095307747,0.6431616095307747,-0.030924791174254507,0.030924791174254507,0.0009563427091712494,5.051115883110162
2022-05-26,0.766521391059002,0.6122368183565202,0.6122368183565202,0.15428457270248175,0.15428457270248175,0.023803729373987375,20.127888732410586
2022-05-27,0.7609227334101321,0.766521391059002,0.766521391059002,-0.005598657648869909,0.005598657648869909,3.134496746924954e-05,0.735772162277122
2022-05-30,0.8177992942287197,0.7609227334101321,0.7609227334101321,0.05687656081858761,0.05687656081858761,0.003234943170550495,6.954831242820875
2022-05-31,1.291480189560829,0.8177992942287197,0.8177992942287197,0.47368089533210933,0.47368089533210933,0.2243735906026287,36.6773644041095
2022-06-01,0.7331896263997387,1.291480189560829,1.291480189560829,-0.5582905631610903,0.5582905631610903,0.31168835291472735,76.14545310774861
2022-06-02,0.7520271296161348,0.7331896263997387,0.7331896263997387,0.0188375032163961,0.0188375032163961,0.0003548515274277334,2.5048967616383107
2022-06-03,0.7813970471260566,0.7520271296161348,0.7520271296161348,0.029369917509921795,0.029369917509921795,0.0008625920545396108,3.7586419884670716
2022-06-06,0.5954517020161403,0.7813970471260566,0.7813970471260566,-0.18594534510991634,0.18594534510991634,0.03457567136804589,31.227611656885667
2022-06-07,0.6026087853154182,0.5954517020161403,0.5954517020161403,0.007157083299277889,0.007157083299277889,5.122384135280247e-05,1.187683199064501
2022-06-08,0.6232076032083295,0.6026087853154182,0.6026087853154182,0.020598817892911292,0.020598817892911292,0.0004243112985853224,3.3052898884523714
2022-06-09,0.5371561691336476,0.6232076032083295,0.6232076032083295,-0.08605143407468185,0.08605143407468185,0.007404849306309317,16.019816771995735
2022-06-10,0.5082228748729217,0.5371561691336476,0.5371561691336476,-0.028933294260725884,0.028933294260725884,0.0008371355167777533,5.693032661696011
2022-06-13,0.4208395843623623,0.5082228748729217,0.5082228748729217,-0.08738329051055943,0.08738329051055943,0.007635839460452826,20.76403783236284
2022-06-14,0.5469269733959766,0.4208395843623623,0.4208395843623623,0.12608738903361433,0.12608738903361433,0.015898029673314006,23.053788744539887
2022-06-15,0.4525122140562143,0.5469269733959766,0.5469269733959766,-0.09441475933976234,0.09441475933976234,0.008914146781185241,20.864577000795272
2022-06-16,0.5566154661536936,0.4525122140562143,0.4525122140562143,0.10410325209747934,0.10410325209747934,0.010837487097271337,18.702903247883192
2022-06-17,0.6756932190913911,0.5566154661536936,0.5566154661536936,0.11907775293769751,0.11907775293769751,0.014179511244691329,17.623049865414085
2022-06-20,0.4762088503225182,0.6756932190913911,0.6756932190913911,-0.19948436876887293,0.19948436876887293,0.03979401338311569,41.89010108354134
2022-06-21,0.5123874574936983,0.4762088503225182,0.4762088503225182,0.0361786071711801,0.0361786071711801,0.001308891616846564,7.060790938979034
2022-06-22,0.4271351070724542,0.5123874574936983,0.5123874574936983,-0.08525235042124407,0.08525235042124407,0.007267963252346595,19.95910638335398
2022-06-23,0.4099618554978511,0.4271351070724542,0.4271351070724542,-0.017173251574603143,0.017173251574603143,0.0002949205696446093,4.188987669047458
2022-06-24,0.5756117845423366,0.4099618554978511,0.4099618554978511,0.16564992904448556,0.16564992904448556,0.0274398989924431,28.778064225386252
2022-06-27,0.5597586727115098,0.5756117845423366,0.5756117845423366,-0.015853111830826827,0.015853111830826827,0.0002513211547207015,2.8321333109558187
2022-06-28,0.5809661177587082,0.5597586727115098,0.5597586727115098,0.021207445047198403,0.021207445047198403,0.0004497557254299401,3.6503755380802536
2022-06-29,0.5968600721016285,0.5809661177587082,0.5809661177587082,0.01589395434292029,0.01589395434292029,0.00025261778465483477,2.662928060668464
2022-06-30,0.565266708853033,0.5968600721016285,0.5968600721016285,-0.03159336324859552,0.03159336324859552,0.000998140601357706,5.589107363619686
2022-07-01,0.4544372863985409,0.565266708853033,0.565266708853033,-0.11082942245449207,0.11082942245449207,0.01228316088159627,24.38827661630186
2022-07-04,0.4544638864824867,0.4544372863985409,0.4544372863985409,2.6600083945782504e-05,2.6600083945782504e-05,7.075644659226762e-10,0.005853068799737857
2022-07-05,0.6796446741564136,0.4544638864824867,0.4544638864824867,0.2251807876739269,0.2251807876739269,0.050706387137450154,33.132134516234544
2022-07-06,0.6736084523282152,0.6796446741564136,0.6796446741564136,-0.006036221828198407,0.006036221828198407,3.643597395921892e-05,0.8961024475472679
2022-07-07,0.7851377371231651,0.6736084523282152,0.6736084523282152,0.11152928479494995,0.11152928479494995,0.012438781366873054,14.205059764877188
2022-07-08,0.6254931302543962,0.7851377371231651,0.7851377371231651,-0.1596446068687689,0.1596446068687689,0.02548640050228378,25.522999238031495
2022-07-11,0.7245086465836066,0.6254931302543962,0.6254931302543962,0.09901551632921035,0.09901551632921035,0.009804072473940122,13.666574829177582
2022-07-12,0.5812449651488083,0.7245086465836066,0.7245086465836066,-0.14326368143479828,0.14326368143479828,0.020524482418251368,24.647728586882543
2022-07-13,0.5899894126547718,0.5812449651488083,0.5812449651488083,0.008744447505963482,0.008744447505963482,7.646536218455095e-05,1.482136343195744
2022-07-14,0.5911490460284913,0.5899894126547718,0.5899894126547718,0.001159633373719493,0.001159633373719493,1.3447495614440533e-06,0.1961659891883853
2022-07-15,0.5875364544047055,0.5911490460284913,0.5911490460284913,-0.003612591623785799,0.003612591623785799,1.3050818240247317e-05,0.6148710597789362
2022-07-18,0.715314679045397,0.5875364544047055,0.5875364544047055,0.12777822464069155,0.12777822464069155,0.016327274692327032,17.863218578320573
2022-07-19,0.8166806029716442,0.715314679045397,0.715314679045397,0.10136592392624721,0.10136592392624721,0.010275050533421738,12.41194214205755
2022-07-20,0.8319031688165208,0.8166806029716442,0.8166806029716442,0.015222565844876579,0.015222565844876579,0.000231726510901603,1.8298482822865614
2022-07-21,0.873286237379658,0.8319031688165208,0.8319031688165208,0.041383068563137226,0.041383068563137226,0.0017125583637013166,4.738774847443987
2022-07-22,0.8557222550364701,0.873286237379658,0.873286237379658,-0.0175639823431879,0.0175639823431879,0.0003084934757518163,2.0525330783221643
2022-07-25,0.7801013579755859,0.8557222550364701,0.8557222550364701,-0.07562089706088426,0.07562089706088426,0.005718520072292854,9.693727140422553
2022-07-26,0.7495839777716283,0.7801013579755859,0.7801013579755859,-0.030517380203957556,0.030517380203957556,0.0009313104945129005,4.071242330269647
2022-07-27,0.6483333897088277,0.7495839777716283,0.7495839777716283,-0.10125058806280063,0.10125058806280063,0.010251681583062945,15.617055926777606
2022-07-28,0.8389880920844219,0.6483333897088277,0.6483333897088277,0.19065470237559423,0.19065470237559423,0.036349215537926416,22.724363334159204
2022-07-29,0.9524036022553296,0.8389880920844219,0.8389880920844219,0.11341551017090767,0.11341551017090767,0.012863077947327262,11.908345359292555
2022-08-01,0.9675543212905396,0.9524036022553296,0.9524036022553296,0.015150719035210036,0.015150719035210036,0.00022954428728387573,1.5658778739163461
2022-08-02,1.0081424643786676,0.9675543212905396,0.9675543212905396,0.04058814308812797,0.04058814308812797,0.0016473973593423502,4.02603248273477
2022-08-03,0.9425496981246094,1.0081424643786676,1.0081424643786676,-0.06559276625405819,0.06559276625405819,0.004302410984859515,6.959077742485949
2022-08-04,1.0005861174811843,0.9425496981246094,0.9425496981246094,0.058036419356574886,0.058036419356574886,0.00336822597173222,5.800242312243178
2022-08-05,0.9407099682802014,1.0005861174811843,1.0005861174811843,-0.05987614920098294,0.05987614920098294,0.0035851532431383703,6.364995718122138
2022-08-08,0.8474918417520991,0.9407099682802014,0.9407099682802014,-0.09321812652810224,0.09321812652810224,0.00868961911340928,10.999294852842914
2022-08-10,0.8378534415925186,0.8474918417520991,0.8474918417520991,-0.009638400159580507,0.009638400159580507,9.289875763620154e-05,1.1503682721957529
2022-08-11,0.9236628578553072,0.8378534415925186,0.8378534415925186,0.0858094162627886,0.0858094162627886,0.007363255919360528,9.290123071748624
2022-08-12,0.9313947808067706,0.9236628578553072,0.9236628578553072,0.00773192295146341,0.00773192295146341,5.978263252736665e-05,0.830144543516343
2022-08-16,0.9490391392760872,0.9313947808067706,0.9313947808067706,0.017644358469316557,0.017644358469316557,0.0003113233857937429,1.8591813276294809
2022-08-17,1.0410885282625828,0.9490391392760872,0.9490391392760872,0.09204938898649562,0.09204938898649562,0.00847309001278718,8.841648571434355
2022-08-18,0.9723102193059509,1.0410885282625828,1.0410885282625828,-0.06877830895663195,0.06877830895663195,0.004730455782933919,7.073700100131304
2022-08-19,0.9635096084744594,0.9723102193059509,0.9723102193059509,-0.008800610831491418,0.008800610831491418,7.745075100736406e-05,0.913391081322538
2022-08-22,0.8569977315202737,0.9635096084744594,0.9635096084744594,-0.10651187695418574,0.10651187695418574,0.011344779932303602,12.428489952387467
2022-08-23,0.9111294770783812,0.8569977315202737,0.8569977315202737,0.054131745558107514,0.054131745558107514,0.0029302458771676924,5.941169385901754
2022-08-24,0.9379276621822789,0.9111294770783812,0.9111294770783812,0.026798185103897643,0.026798185103897643,0.0007181427248627615,2.857169714085011
2022-08-25,1.058731770206699,0.9379276621822789,0.9379276621822789,0.1208041080244201,0.1208041080244201,0.01459363251557576,11.410265699388166
2022-08-26,0.969877378448882,1.058731770206699,1.058731770206699,-0.08885439175781695,0.08885439175781695,0.007895102934651609,9.161404702512101
2022-08-29,0.9029704046554085,0.969877378448882,0.969877378448882,-0.06690697379347355,0.06690697379347355,0.0044765431422005555,7.409653012825662
2022-08-30,1.18736067489168,0.9029704046554085,0.9029704046554085,0.2843902702362716,0.2843902702362716,0.0808778258050596,23.951464474955415
2022-09-01,0.9239600915308944,1.18736067489168,1.18736067489168,-0.26340058336078565,0.26340058336078565,0.06937986731480218,28.507787920186196
2022-09-02,0.9627126861593688,0.9239600915308944,0.9239600915308944,0.03875259462847436,0.03875259462847436,0.0015017635904388596,4.025354104667859
2022-09-05,0.9611847652324348,0.9627126861593688,0.9627126861593688,-0.00152792092693399,0.00152792092693399,2.334542358962823e-06,0.1589622497360855
2022-09-06,1.0714463116818929,0.9611847652324348,0.9611847652324348,0.11026154644945807,0.11026154644945807,0.012157608625426,10.2909072762009
2022-09-07,1.0087839435782,1.0714463116818929,1.0714463116818929,-0.06266236810369286,0.06266236810369286,0.003926572376362704,6.211673818025567
2022-09-08,1.027680747926764,1.0087839435782,1.0087839435782,0.018896804348564,0.018896804348564,0.00035708921458790734,1.8387815853012992
2022-09-09,0.9805808718584204,1.027680747926764,1.027680747926764,-0.04709987606834365,0.04709987606834365,0.0022183983256533306,4.80326278230156
2022-09-12,1.0700444936286682,0.9805808718584204,0.9805808718584204,0.0894636217702478,0.0894636217702478,0.008003739620249957,8.360738483580654
2022-09-13,1.0671664947160735,1.0700444936286682,1.0700444936286682,-0.0028779989125946592,0.0028779989125946592,8.282877740896041e-06,0.2696860262053457
2022-09-14,1.1491150862669324,1.0671664947160735,1.0671664947160735,0.08194859155085887,0.08194859155085887,0.0067155716571694985,7.131452065178329
2022-09-15,1.0033751941333895,1.1491150862669324,1.1491150862669324,-0.14573989213354288,0.14573989213354288,0.021240116159096715,14.524964637920688
2022-09-16,1.367068033249928,1.0033751941333895,1.0033751941333895,0.3636928391165386,0.3636928391165386,0.13227248122464844,26.603858057592962
2022-09-19,0.8690333583235209,1.367068033249928,1.367068033249928,-0.4980346749264072,0.4980346749264072,0.24803853742905208,57.30903999901468
2022-09-20,0.9414087090598836,0.8690333583235209,0.8690333583235209,0.0723753507363627,0.0723753507363627,0.005238191394211516,7.687983979735932
2022-09-21,0.8230626213023381,0.9414087090598836,0.9414087090598836,-0.11834608775754552,0.11834608775754552,0.014005796487516665,14.378746488363864
2022-09-22,0.9073434158801168,0.8230626213023381,0.8230626213023381,0.0842807945777787,0.0842807945777787,0.007103252334661732,9.288742619686827
2022-09-23,0.7756424740991411,0.9073434158801168,0.9073434158801168,-0.1317009417809757,0.1317009417809757,0.017345138065995948,16.97959384366333
2022-09-26,0.8030703236857697,0.7756424740991411,0.7756424740991411,0.027427849586628583,0.027427849586628583,0.0007522869329467217,3.4153733213233166
2022-09-27,0.7580069860062851,0.8030703236857697,0.8030703236857697,-0.04506333767948456,0.04506333767948456,0.002030704402815253,5.94497656504592
2022-09-28,0.7503116378268763,0.7580069860062851,0.7580069860062851,-0.007695348179408867,0.007695348179408867,5.921838360233137e-05,1.0256202611619973
2022-09-29,0.8663656269804582,0.7503116378268763,0.7503116378268763,0.1160539891535819,0.1160539891535819,0.013468528398459703,13.395497875194398
2022-09-30,0.8763958376963396,0.8663656269804582,0.8663656269804582,0.010030210715881394,0.010030210715881394,0.00010060512700498193,1.1444840658128204
2022-10-03,0.7252654587743484,0.8763958376963396,0.8763958376963396,-0.1511303789219911,0.1511303789219911,0.022840391433104613,20.837939694162692
2022-10-04,0.7973903088955736,0.7252654587743484,0.7252654587743484,0.07212485012122516,0.07212485012122516,0.005201994005009192,9.045112452033907
2022-10-06,0.8006782578449169,0.7973903088955736,0.7973903088955736,0.0032879489493432557,0.0032879489493432557,1.0810608293487419e-05,0.41064546428336984
2022-10-07,0.7751812629610005,0.8006782578449169,0.8006782578449169,-0.025496994883916324,0.025496994883916324,0.0006500967481104552,3.289165528398366
2022-10-10,0.6225013486819693,0.7751812629610005,0.7751812629610005,-0.15267991427903127,0.15267991427903127,0.02331115622425234,24.526840721277562
2022-10-11,0.7335387683658322,0.6225013486819693,0.6225013486819693,0.11103741968386294,0.11103741968386294,0.012329308570050313,15.137225798062534
2022-10-12,0.704434353960258,0.7335387683658322,0.7335387683658322,-0.029104414405574208,0.029104414405574208,0.0008470669378913955,4.131600658308636
2022-10-13,0.6008610480350843,0.704434353960258,0.704434353960258,-0.10357330592517366,0.10357330592517366,0.010727429700269613,17.23748048968653
2022-10-14,0.6159150283166264,0.6008610480350843,0.6008610480350843,0.015053980281542034,0.015053980281542034,0.00022662232231705637,2.4441651184720183
2022-10-17,0.591138723070676,0.6159150283166264,0.6159150283166264,-0.024776305245950314,0.024776305245950314,0.000613865301640505,4.191284427663535
2022-10-18,0.7877366750129869,0.591138723070676,0.591138723070676,0.1965979519423109,0.1965979519423109,0.038650754707911184,24.95731862923225
2022-10-19,0.7052267504786491,0.7877366750129869,0.7877366750129869,-0.08250992453433781,0.08250992453433781,0.00680788764666212,11.699772375103036
2022-10-20,0.8407997616655835,0.7052267504786491,0.7052267504786491,0.13557301118693432,0.13557301118693432,0.01838004136229262,16.12429229503714
2022-10-21,0.7545615722262483,0.8407997616655835,0.8407997616655835,-0.08623818943933514,0.08623818943933514,0.007437025317774655,11.428913506011067
2022-10-24,-0.3538668199451407,0.7545615722262483,0.7545615722262483,-1.108428392171389,1.108428392171389,1.2286135005716508,313.2332080027245
2022-10-25,0.7644126439860524,-0.3538668199451407,-0.3538668199451407,1.118279463931193,1.118279463931193,1.2505489594502366,146.29264347328058
2022-10-27,0.886498897294188,0.7644126439860524,0.7644126439860524,0.1220862533081356,0.1220862533081356,0.014905053246818253,13.771732111655503
2022-10-28,0.7385458773548491,0.886498897294188,0.886498897294188,-0.14795301993933885,0.14795301993933885,0.0218900961091704,20.03301683427472
2022-10-31,0.8078063900505825,0.7385458773548491,0.7385458773548491,0.06926051269573341,0.06926051269573341,0.004797018618875849,8.57390007665036
2022-11-01,0.9019603731454908,0.8078063900505825,0.8078063900505825,0.0941539830949083,0.0941539830949083,0.008864972532636278,10.438815927861254
2022-11-02,0.9264421803316796,0.9019603731454908,0.9019603731454908,0.024481807186188753,0.024481807186188753,0.0005993588831017233,2.642561803201136
2022-11-03,0.870008441767695,0.9264421803316796,0.9264421803316796,-0.05643373856398459,0.05643373856398459,0.003184766848308162,6.486573676149826
2022-11-04,0.9525600059772472,0.870008441767695,0.870008441767695,0.08255156420955223,0.08255156420955223,0.006814760753443825,8.666284926046334
2022-11-07,0.9763625517498644,0.9525600059772472,0.9525600059772472,0.0238025457726172,0.0238025457726172,0.000566561185257537,2.4378798357185665
2022-11-09,1.0657290102455164,0.9763625517498644,0.9763625517498644,0.08936645849565195,0.08936645849565195,0.007986363904055082,8.38547676158916
2022-11-10,0.8892746773566819,1.0657290102455164,1.0657290102455164,-0.1764543328888345,0.1764543328888345,0.03113613159524362,19.842500566116975
2022-11-11,1.045898402273293,0.8892746773566819,0.8892746773566819,0.15662372491661103,0.15662372491661103,0.024530991206754244,14.975041990329508
2022-11-14,0.9928203483420104,1.045898402273293,1.045898402273293,-0.05307805393128251,0.05307805393128251,0.0028172798091321348,5.346189169059818
2022-11-15,0.918008858849172,0.9928203483420104,0.9928203483420104,-0.07481148949283833,0.07481148949283833,0.00559675896013706,8.149321084616004
2022-11-16,0.9148978625427256,0.918008858849172,0.918008858849172,-0.003110996306446401,0.003110996306446401,9.678298018723148e-06,0.34003755324120866
2022-11-17,0.8308262868645835,0.9148978625427256,0.9148978625427256,-0.08407157567814216,0.08407157567814216,0.007068029837005585,10.119031740728373
2022-11-18,0.87865006045094,0.8308262868645835,0.8308262868645835,0.04782377358635648,0.04782377358635648,0.0022871133200390876,5.442869207999872
2022-11-21,0.8178192902565887,0.87865006045094,0.87865006045094,-0.060830770194351236,0.060830770194351236,0.0037003826024379705,7.438167688031147
2022-11-22,0.8402386266803397,0.8178192902565887,0.8178192902565887,0.022419336423750935,0.022419336423750935,0.0005026266456813254,2.6682106382476682
2022-11-23,0.8816385518507566,0.8402386266803397,0.8402386266803397,0.04139992517041691,0.04139992517041691,0.0017139538041161194,4.695793427307506
2022-11-24,0.9917654320325212,0.8816385518507566,0.8816385518507566,0.11012688018176464,0.11012688018176464,0.012127929738568745,11.104125695939103
2022-11-25,0.9924627953074262,0.9917654320325212,0.9917654320325212,0.0006973632749049941,0.0006973632749049941,4.863155371862183e-07,0.07026593623481656
2022-11-28,1.0614281753293129,0.9924627953074262,0.9924627953074262,0.06896538002188668,0.06896538002188668,0.0047562236415632465,6.497413732256528
2022-11-29,0.9520621976057208,1.0614281753293129,1.0614281753293129,-0.10936597772359213,0.10936597772359213,0.011960917083437252,11.487272365043957
2022-11-30,1.3797753940116348,0.9520621976057208,0.9520621976057208,0.4277131964059141,0.4277131964059141,0.18293857837976404,30.998755178722043
2022-12-01,1.0892136209556076,1.3797753940116348,1.3797753940116348,-0.29056177305602726,0.29056177305602726,0.0844261439614623,26.67628897269083
2022-12-02,1.0773682327718368,1.0892136209556076,1.0892136209556076,-0.011845388183770789,0.011845388183770789,0.00014031322122421664,1.0994744251271593
2022-12-05,1.0210665304645408,1.0773682327718368,1.0773682327718368,-0.05630170230729603,0.05630170230729603,0.0031698816826993834,5.514009188184947
2022-12-06,1.0015087457233554,1.0210665304645408,1.0210665304645408,-0.019557784741185413,0.019557784741185413,0.000382506943982545,1.952832146968372
2022-12-07,0.9473787653887432,1.0015087457233554,1.0015087457233554,-0.05412998033461214,0.05412998033461214,0.0029300547710254966,5.713657758879647
2022-12-08,0.915362461626711,0.9473787653887432,0.9473787653887432,-0.03201630376203224,0.03201630376203224,0.0010250437065827196,3.4976640515862267
2022-12-09,0.9911250741057815,0.915362461626711,0.915362461626711,0.07576261247907057,0.07576261247907057,0.005739973449653819,7.644102087461115
2022-12-12,0.890243625644684,0.9911250741057815,0.9911250741057815,-0.10088144846109759,0.10088144846109759,0.01017706664360909,11.331892254554779
2022-12-13,0.947991895382873,0.890243625644684,0.890243625644684,0.05774826973818903,0.05774826973818903,0.0033348626577546386,6.091641713336144
2022-12-14,1.011248450772814,0.947991895382873,0.947991895382873,0.0632565553899409,0.0632565553899409,0.0040013917998006614,6.255293181571664
2022-12-15,0.9259836962450064,1.011248450772814,1.011248450772814,-0.08526475452780746,0.08526475452780746,0.007270078364687263,9.208018982792892
2022-12-16,1.0146295610198912,0.9259836962450064,0.9259836962450064,0.08864586477488479,0.08864586477488479,0.00785808934168716,8.736771347936998
2022-12-19,0.832293920403034,1.0146295610198912,1.0146295610198912,-0.18233564061685725,0.18233564061685725,0.03324628583915972,21.907602127931224
2022-12-20,0.8448717153034107,0.832293920403034,0.832293920403034,0.012577794900376693,0.012577794900376693,0.00015820092455594195,1.4887224501130032
2022-12-21,1.0337758281614504,0.8448717153034107,0.8448717153034107,0.18890411285803976,0.18890411285803976,0.03568476385468303,18.27321820766519
2022-12-22,0.9099980383432742,1.0337758281614504,1.0337758281614504,-0.12377778981817622,0.12377778981817622,0.015320941252272608,13.601984246419235
2022-12-23,0.899737501822184,0.9099980383432742,0.9099980383432742,-0.010260536521090158,0.010260536521090158,0.00010527860970062491,1.1403922255446852
2022-12-26,0.7034958958670016,0.899737501822184,0.899737501822184,-0.19624160595518247,0.19624160595518247,0.03851076790786911,27.895202673973046
2022-12-27,0.8028215366854262,0.7034958958670016,0.7034958958670016,0.09932564081842465,0.09932564081842465,0.009865582923990706,12.372069791314523
2022-12-28,0.8017036807995804,0.8028215366854262,0.8028215366854262,-0.0011178558858457865,0.0011178558858457865,1.2496017815200681e-06,0.1394350447201254
2022-12-29,0.8750978222278789,0.8017036807995804,0.8017036807995804,0.07339414142829848,0.07339414142829848,0.005386699995997079,8.386964241488691
2022-12-30,0.8304156259405298,0.8750978222278789,0.8750978222278789,-0.04468219628734915,0.04468219628734915,0.001996498665061198,5.3807027338559585
2023-01-02,0.7272028261833856,0.8304156259405298,0.8304156259405298,-0.10321279975714415,0.10321279975714415,0.010652882033708335,14.193124124508834
2023-01-03,0.7980621918770952,0.7272028261833856,0.7272028261833856,0.07085936569370954,0.07085936569370954,0.005021049706514861,8.878927784693524
2023-01-04,0.7625766290109006,0.7980621918770952,0.7980621918770952,-0.03548556286619453,0.03548556286619453,0.0012592251719306443,4.653376659631053
2023-01-05,0.8296748659841805,0.7625766290109006,0.7625766290109006,0.06709823697327988,0.06709823697327988,0.004502173404922423,8.08729295344946
2023-01-06,0.8318781351681177,0.8296748659841805,0.8296748659841805,0.0022032691839372065,0.0022032691839372065,4.854395096887324e-06,0.2648548015379607
2023-01-09,0.6355455773150032,0.8318781351681177,0.8318781351681177,-0.19633255785311454,0.19633255785311454,0.038546473273146566,30.891971380331682
2023-01-10,0.7120721057784156,0.6355455773150032,0.6355455773150032,0.07652652846341246,0.07652652846341246,0.005856309558661477,10.747019556363043
2023-01-11,0.726665204042527,0.7120721057784156,0.7120721057784156,0.01459309826411137,0.01459309826411137,0.0002129585169460103,2.0082285738918264
2023-01-12,0.6479610170767305,0.726665204042527,0.726665204042527,-0.07870418696579651,0.07870418696579651,0.006194349045947053,12.146438580652529
2023-01-13,0.7095940661043308,0.6479610170767305,0.6479610170767305,0.06163304902760036,0.06163304902760036,0.00379863273243859,8.685677061247933
2023-01-16,0.6636479880739369,0.7095940661043308,0.7095940661043308,-0.045946078030393966,0.045946078030393966,0.0021110420863750512,6.923260351280554
2023-01-17,0.6261040100641714,0.6636479880739369,0.6636479880739369,-0.0375439780097655,0.0375439780097655,0.0014095502847977553,5.99644426585249
2023-01-18,0.7513596894182601,0.6261040100641714,0.6261040100641714,0.12525567935408877,0.12525567935408877,0.0156889852104543,16.670534913986124
2023-01-19,0.58221229558121,0.7513596894182601,0.7513596894182601,-0.16914739383705013,0.16914739383705013,0.028610840841866145,29.05252862586729
2023-01-20,0.6857982726419521,0.58221229558121,0.58221229558121,0.10358597706074213,0.10358597706074213,0.010730054643628594,15.104438315612857
2023-01-23,0.6306075471938449,0.6857982726419521,0.6857982726419521,-0.055190725448107214,0.055190725448107214,0.003046016175488349,8.75199253381944
2023-01-24,0.5923175990334901,0.6306075471938449,0.6306075471938449,-0.0382899481603548,0.0382899481603548,0.001466120130122658,6.464428580686129
2023-01-25,0.6301798967698058,0.5923175990334901,0.5923175990334901,0.037862297736315664,0.037862297736315664,0.0014335535898734142,6.0081728932311735
2023-01-27,0.7424387805588547,0.6301798967698058,0.6301798967698058,0.11225888378904891,0.11225888378904891,0.012602056989563189,15.120288261955883
2023-01-30,0.6664435667310868,0.7424387805588547,0.7424387805588547,-0.07599521382776786,0.07599521382776786,0.005775272524728159,11.403098119849101
2023-01-31,0.8467993120585495,0.6664435667310868,0.6664435667310868,0.18035574532746268,0.18035574532746268,0.03252819487262457,21.298522891926076
2023-02-01,0.8590159079921437,0.8467993120585495,0.8467993120585495,0.012216595933594143,0.012216595933594143,0.00014924521620470895,1.4221617806996274
2023-02-02,0.6219000304142338,0.8590159079921437,0.8590159079921437,-0.23711587757790986,0.23711587757790986,0.05622393939954234,38.127651709547635
2023-02-03,0.6714415526204166,0.6219000304142338,0.6219000304142338,0.0495415222061828,0.0495415222061828,0.002454362422505703,7.378381932550712
2023-02-06,0.5549737802638135,0.6714415526204166,0.6714415526204166,-0.1164677723566031,0.1164677723566031,0.013564741997709523,20.986175653422535
2023-02-07,0.6180843748178494,0.5549737802638135,0.5549737802638135,0.06311059455403589,0.06311059455403589,0.003982947144963905,10.210676264488114
2023-02-08,0.7100047135196069,0.6180843748178494,0.6180843748178494,0.09192033870175753,0.09192033870175753,0.008449348667045824,12.94644062940001
2023-02-09,0.6461901440056235,0.7100047135196069,0.7100047135196069,-0.06381456951398345,0.06381456951398345,0.004072299282255026,9.875509570357686
2023-02-10,0.6363916057441866,0.6461901440056235,0.6461901440056235,-0.00979853826143684,0.00979853826143684,9.601135206084169e-05,1.5397026253950314
2023-02-13,0.5814907167223073,0.6363916057441866,0.6363916057441866,-0.054900889021879284,0.054900889021879284,0.0030141076153927054,9.44140421214968
2023-02-14,0.5902686196235892,0.5814907167223073,0.5814907167223073,0.008777902901281887,0.008777902901281887,7.705157934433296e-05,1.4871030933136007
2023-02-15,0.6316393151916533,0.5902686196235892,0.5902686196235892,0.04137069556806405,0.04137069556806405,0.0017115344517854346,6.549734092392788
2023-02-16,0.6602193587872707,0.6316393151916533,0.6316393151916533,0.028580043595617388,0.028580043595617388,0.0008168188919273905,4.328870884385286
2023-02-17,0.6803913364948456,0.6602193587872707,0.6602193587872707,0.02017197770757495,0.02017197770757495,0.0004069086846349008,2.9647611052037206
2023-02-20,0.6636487831465074,0.6803913364948456,0.6803913364948456,-0.016742553348338185,0.016742553348338185,0.0002803130926219502,2.5228032919698866
2023-02-21,0.5939012155698467,0.6636487831465074,0.6636487831465074,-0.06974756757666078,0.06974756757666078,0.004864723182860863,11.743967809484642
2023-02-22,0.6935729705452057,0.5939012155698467,0.5939012155698467,0.09967175497535907,0.09967175497535907,0.009934458739868016,14.370766913971405
2023-02-23,0.7545285173373403,0.6935729705452057,0.6935729705452057,0.06095554679213455,0.06095554679213455,0.0037155786847281047,8.078627300561271
2023-02-24,0.5974418501143244,0.7545285173373403,0.7545285173373403,-0.1570866672230159,0.1570866672230159,0.024676221019234536,26.29321450999061
2023-02-27,0.6094954780988903,0.5974418501143244,0.5974418501143244,0.012053627984565884,0.012053627984565884,0.00014528994759030982,1.9776402643975302
2023-02-28,0.9491935110294688,0.6094954780988903,0.6094954780988903,0.33969803293057854,0.33969803293057854,0.11539475357690443,35.78806944878411
2023-03-01,0.5742813626278861,0.9491935110294688,0.9491935110294688,-0.3749121484015827,0.3749121484015827,0.14055911901909038,65.28370460883517
2023-03-02,0.5160986582061703,0.5742813626278861,0.5742813626278861,-0.0581827044217158,0.0581827044217158,0.0033852270938247477,11.273562427762226
2023-03-03,0.6754906968617981,0.5160986582061703,0.5160986582061703,0.1593920386556278,0.1593920386556278,0.025405821986797143,23.596481697843217
2023-03-06,0.7706933228501465,0.6754906968617981,0.6754906968617981,0.09520262598834839,0.09520262598834839,0.009063539995077348,12.352854652519103
2023-03-08,0.7679979381022206,0.7706933228501465,0.7706933228501465,-0.0026953847479258553,0.0026953847479258553,7.265098939351326e-06,0.35096249797054785
2023-03-09,0.7487752746536621,0.7679979381022206,0.7679979381022206,-0.019222663448558497,0.019222663448558497,0.00036951079005654685,2.5672139691644777
2023-03-10,0.6349233400009404,0.7487752746536621,0.7487752746536621,-0.1138519346527217,0.1138519346527217,0.012962263024167612,17.931603310181206
2023-03-13,0.6313096139893885,0.6349233400009404,0.6349233400009404,-0.0036137260115519654,0.0036137260115519654,1.3059015686567276e-05,0.5724173894194343
2023-03-14,0.6435850571287258,0.6313096139893885,0.6313096139893885,0.012275443139337372,0.012275443139337372,0.00015068650426710496,1.9073536595306801
2023-03-15,0.5551888357312447,0.6435850571287258,0.6435850571287258,-0.08839622139748116,0.08839622139748116,0.007813891957352506,15.9218297826637
2023-03-16,0.6010833232541641,0.5551888357312447,0.5551888357312447,0.04589448752291947,0.04589448752291947,0.002106303984991411,7.635295431996752
2023-03-17,0.8868643230231436,0.6010833232541641,0.6010833232541641,0.2857809997689794,0.2857809997689794,0.08167077982895742,32.22375648112769
2023-03-20,0.5620984508083664,0.8868643230231436,0.8868643230231436,-0.32476587221477715,0.32476587221477715,0.10547287175542497,57.777400337560806
2023-03-21,0.5611586393333394,0.5620984508083664,0.5620984508083664,-0.0009398114750269748,0.0009398114750269748,8.832456085923781e-07,0.16747696803589762
2023-03-22,0.5480734690189987,0.5611586393333394,0.5611586393333394,-0.013085170314340755,0.013085170314340755,0.00017122168215530454,2.3874847176532756
2023-03-23,0.6278825399591011,0.5480734690189987,0.5480734690189987,0.07980907094010248,0.07980907094010248,0.00636948780432231,12.710828198105503
2023-03-24,0.5830782264501616,0.6278825399591011,0.6278825399591011,-0.04480431350893954,0.04480431350893954,0.0020074265090073424,7.6840999160117285
2023-03-27,0.6464950142827691,0.5830782264501616,0.5830782264501616,0.06341678783260751,0.06341678783260751,0.004021688979005956,9.809323572736755
2023-03-28,0.6172332011814773,0.6464950142827691,0.6464950142827691,-0.029261813101291834,0.029261813101291834,0.0008562537059749344,4.740803483234589
2023-03-29,0.8316401051009829,0.6172332011814773,0.6172332011814773,0.21440690391950556,0.21440690391950556,0.04597032044834809,25.781212642874042
2023-03-31,0.7479206823218733,0.8316401051009829,0.8316401051009829,-0.0837194227791096,0.0837194227791096,0.007008941750467295,11.19362316859695
2023-04-03,0.632444351950826,0.7479206823218733,0.7479206823218733,-0.11547633037104721,0.11547633037104721,0.01333478287596324,18.258733754970073
2023-04-05,0.7266933702544895,0.632444351950826,0.632444351950826,0.0942490183036635,0.0942490183036635,0.008882877451204297,12.969571783853937
2023-04-06,0.7403062967644314,0.7266933702544895,0.7266933702544895,0.013612926509941836,0.013612926509941836,0.00018531176816507722,1.8388235476907644
2023-04-10,0.678386601025161,0.7403062967644314,0.7403062967644314,-0.061919695739270364,0.061919695739270364,0.0038340487204438166,9.127493916551249
2023-04-11,0.7767107063486018,0.678386601025161,0.678386601025161,0.09832410532344082,0.09832410532344082,0.009667629687655084,12.659038239046904
2023-04-12,0.8219551639000857,0.7767107063486018,0.7767107063486018,0.045244457551483874,0.045244457551483874,0.002047060939128026,5.504492159499791
2023-04-13,0.7585467449981621,0.8219551639000857,0.8219551639000857,-0.06340841890192361,0.06340841890192361,0.004020627587641824,8.359197283494671
2023-04-17,0.7572981507955271,0.7585467449981621,0.7585467449981621,-0.0012485942026350116,0.0012485942026350116,1.5589874828537604e-06,0.16487485164507368
2023-04-18,0.8512541824165715,0.7572981507955271,0.7572981507955271,0.09395603162104438,0.09395603162104438,0.008827735877974691,11.037365050509186
2023-04-19,0.8018007017966661,0.8512541824165715,0.8512541824165715,-0.0494534806199054,0.0494534806199054,0.002445646745423359,6.1678021120573465
2023-04-20,0.7389879399147348,0.8018007017966661,0.8018007017966661,-0.0628127618819313,0.0628127618819313,0.003945443055236202,8.49983585512623
2023-04-21,0.7318420827953791,0.7389879399147348,0.7389879399147348,-0.00714585711935567,0.00714585711935567,5.106327397024611e-05,0.976420636001282
2023-04-24,0.7073339892249522,0.7318420827953791,0.7318420827953791,-0.024508093570426936,0.024508093570426936,0.0006006466504568022,3.4648545020834103
2023-04-25,0.7830367058496381,0.7073339892249522,0.7073339892249522,0.07570271662468597,0.07570271662468597,0.005730901304357506,9.667837543138457
2023-04-26,0.8698778425048195,0.7830367058496381,0.7830367058496381,0.08684113665518134,0.08684113665518134,0.00754138301556388,9.983141587458034
2023-04-27,0.8998869692067404,0.8698778425048195,0.8698778425048195,0.030009126701920907,0.030009126701920907,0.0009005476854119424,3.3347662238485642
2023-04-28,1.0674374790041106,0.8998869692067404,0.8998869692067404,0.16755050979737018,0.16755050979737018,0.028073173333358643,15.696517416054206
2023-05-02,0.9138623649646948,1.0674374790041106,1.0674374790041106,-0.15357511403941582,0.15357511403941582,0.023585315652219573,16.805059484570073
2023-05-03,0.926793907465274,0.9138623649646948,0.9138623649646948,0.012931542500579263,0.012931542500579263,0.00016722479144428776,1.3952986091531676
2023-05-04,0.9843263843203436,0.926793907465274,0.926793907465274,0.05753247685506957,0.05753247685506957,0.0033099858930791155,5.844857739416842
2023-05-05,0.8571868914972033,0.9843263843203436,0.9843263843203436,-0.1271394928231403,0.1271394928231403,0.016164450635325345,14.832178849710642
2023-05-08,0.9185682819011456,0.8571868914972033,0.8571868914972033,0.061381390403942304,0.061381390403942304,0.0037676750879211806,6.682289342377712
2023-05-09,1.0403703262788346,0.9185682819011456,0.9185682819011456,0.12180204437768904,0.12180204437768904,0.01483573801458453,11.70756617149462
2023-05-10,0.9182436196147614,1.0403703262788346,1.0403703262788346,-0.12212670666407321,0.12212670666407321,0.014914932480612585,13.300033243390253
2023-05-11,0.9477739467125392,0.9182436196147614,0.9182436196147614,0.02953032709777781,0.02953032709777781,0.0008720402185017504,3.1157563678772853
2023-05-12,0.8229328810494783,0.9477739467125392,0.9477739467125392,-0.12484106566306097,0.12484106566306097,0.0155852916758887,15.170260969989723
2023-05-15,0.8471662077534761,0.8229328810494783,0.8229328810494783,0.024233326703997804,0.024233326703997804,0.000587254123142693,2.8605162106571727
2023-05-16,0.9932731062192224,0.8471662077534761,0.8471662077534761,0.14610689846574632,0.14610689846574632,0.021347225779279902,14.709640032627592
2023-05-17,0.928783171904128,0.9932731062192224,0.9932731062192224,-0.06448993431509442,0.06448993431509442,0.004158951627965193,6.943486517190181
2023-05-18,0.9711433501606134,0.928783171904128,0.928783171904128,0.042360178256485415,0.042360178256485415,0.0017943847019212197,4.3618872795123025
2023-05-19,0.9309142153194214,0.9711433501606134,0.9711433501606134,-0.04022913484119195,0.04022913484119195,0.001618383290070804,4.3214653057358525
2023-05-22,0.8177045625066934,0.9309142153194214,0.9309142153194214,-0.11320965281272799,0.11320965281272799,0.012816425489978411,13.844811195094842
2023-05-23,0.8865465596736564,0.8177045625066934,0.8177045625066934,0.06884199716696293,0.06884199716696293,0.004739220573936133,7.765186883394384
2023-05-24,0.9118124602722316,0.8865465596736564,0.8865465596736564,0.025265900598575253,0.025265900598575253,0.0006383657330570853,2.7709536444623537
2023-05-25,0.9259020204936428,0.9118124602722316,0.9118124602722316,0.014089560221411168,0.014089560221411168,0.00019851570723277193,1.5217117912648412
2023-05-26,0.9584993590823502,0.9259020204936428,0.9259020204936428,0.03259733858870739,0.03259733858870739,0.001062586483066832,3.4008722363586643
2023-05-29,0.9842434581346048,0.9584993590823502,0.9584993590823502,0.02574409905225461,0.02574409905225461,0.0006627586360122967,2.6156230797862063
2023-05-30,0.9085824347193284,0.9842434581346048,0.9842434581346048,-0.07566102341527636,0.07566102341527636,0.005724590464246998,8.32737025547373
2023-05-31,1.4215281501418422,0.9085824347193284,0.9085824347193284,0.5129457154225138,0.5129457154225138,0.2631133069703145,36.084105360230204
2023-06-01,0.9392433318487524,1.4215281501418422,1.4215281501418422,-0.4822848182930898,0.4822848182930898,0.23259864595599863,51.348229147795834
2023-06-02,0.9788261346240978,0.9392433318487524,0.9392433318487524,0.03958280277534543,0.03958280277534543,0.0015667982755518937,4.04390538576563
2023-06-05,0.971841118458677,0.9788261346240978,0.9788261346240978,-0.006985016165420799,0.006985016165420799,4.879045083118988e-05,0.718740546448468
2023-06-06,0.891988950916372,0.971841118458677,0.971841118458677,-0.07985216754230506,0.07985216754230506,0.006376368661204358,8.952147609033732
2023-06-07,1.061054654830413,0.891988950916372,0.891988950916372,0.16906570391404097,0.16906570391404097,0.028583212239950168,15.93374131524474
2023-06-08,1.0722027980577895,1.061054654830413,1.061054654830413,0.011148143227376561,0.011148143227376561,0.0001242810974181019,1.0397420383131382
2023-06-09,0.8841960682848384,1.0722027980577895,1.0722027980577895,-0.18800672977295108,0.18800672977295108,0.03534653043991945,21.263013546039183
2023-06-12,0.8396794589105667,0.8841960682848384,0.8841960682848384,-0.04451660937427171,0.04451660937427171,0.001981728510181496,5.301619433685959
2023-06-13,1.0655132045683409,0.8396794589105667,0.8396794589105667,0.22583374565777414,0.22583374565777414,0.05100088067782022,21.194833127315732
2023-06-14,1.0507067403831312,1.0655132045683409,1.0655132045683409,-0.0148064641852097,0.0148064641852097,0.00021923138166789755,1.4091909394062372
2023-06-15,1.0244719007031522,1.0507067403831312,1.0507067403831312,-0.026234839679978972,0.026234839679978972,0.0006882668130341992,2.5608159347242747
2023-06-16,1.1958453221650551,1.0244719007031522,1.0244719007031522,0.17137342146190293,0.17137342146190293,0.029368849583559013,14.330734776938762
2023-06-19,1.0263578163743354,1.1958453221650551,1.1958453221650551,-0.1694875057907197,0.1694875057907197,0.028726014619159242,16.513491015194244
2023-06-20,1.0438951591765917,1.0263578163743354,1.0263578163743354,0.017537342802256273,0.017537342802256273,0.0003075583925638499,1.67999081594453
2023-06-21,1.0677461897891596,1.0438951591765917,1.0438951591765917,0.02385103061256788,0.02385103061256788,0.0005688716612816502,2.2337734229964874
2023-06-22,1.0405478638218504,1.0677461897891596,1.0677461897891596,-0.0271983259673092,0.0271983259673092,0.000739748935424006,2.613846696817183
2023-06-23,0.9417085062414106,1.0405478638218504,1.0405478638218504,-0.09883935758043982,0.09883935758043982,0.009769218606914046,10.495748623417658
2023-06-26,0.8668679724132926,0.9417085062414106,0.9417085062414106,-0.07484053382811795,0.07484053382811795,0.005601105503677668,8.633440871020733
2023-06-27,0.9692879156680944,0.8668679724132926,0.8668679724132926,0.10241994325480175,0.10241994325480175,0.01048984477631681,10.566513994369513
2023-06-28,1.0694745236118406,0.9692879156680944,0.9692879156680944,0.10018660794374623,0.10018660794374623,0.010037356411273915,9.367834925641331
2023-06-30,1.048282782637436,1.0694745236118406,1.0694745236118406,-0.021191740974404683,0.021191740974404683,0.0004490898855262623,2.021567207379591
2023-07-03,1.0016539576742705,1.048282782637436,1.048282782637436,-0.04662882496316545,0.04662882496316545,0.0021742473174455215,4.655183020634433
2023-07-04,0.994269801163331,1.0016539576742705,1.0016539576742705,-0.007384156510939488,0.007384156510939488,5.452576737805003e-05,0.7426713053438576
2023-07-05,1.0529494382342108,0.994269801163331,0.994269801163331,0.058679637070879864,0.058679637070879864,0.0034432998067701784,5.572882698839293
2023-07-06,1.1924200717016176,1.0529494382342108,1.0529494382342108,0.13947063346740673,0.13947063346740673,0.019452057599799715,11.69643456843008
2023-07-07,1.13912236226875,1.1924200717016176,1.1924200717016176,-0.05329770943286749,0.05329770943286749,0.0028406458307903724,4.67883971013582
2023-07-10,0.9977776661356536,1.13912236226875,1.13912236226875,-0.14134469613309653,0.14134469613309653,0.01997832312495739,14.165951086129033
2023-07-11,1.048158905724791,0.9977776661356536,0.9977776661356536,0.05038123958913754,0.05038123958913754,0.0025382693025380798,4.8066413703082
2023-07-12,1.0648851670099455,1.048158905724791,1.048158905724791,0.01672626128515442,0.01672626128515442,0.0002797678165792556,1.5707103266467233
2023-07-13,1.0979722978176798,1.0648851670099455,1.0648851670099455,0.03308713080773429,0.03308713080773429,0.0010947582250881195,3.013475920430596
2023-07-14,1.056344303516309,1.0979722978176798,1.0979722978176798,-0.041627994301370874,0.041627994301370874,0.001732889909554966,3.9407600498058803
2023-07-17,1.1406004082007328,1.056344303516309,1.056344303516309,0.0842561046844239,0.0842561046844239,0.0070990911765926,7.386995838212586
2023-07-18,1.0163276780442934,1.1406004082007328,1.1406004082007328,-0.12427273015643947,0.12427273015643947,0.01544371146053522,12.227624302781553
2023-07-19,1.039547751539594,1.0163276780442934,1.0163276780442934,0.02322007349530053,0.02322007349530053,0.0005391718131271582,2.2336706958300927
2023-07-20,1.0819544583723535,1.039547751539594,1.039547751539594,0.0424067068327596,0.0424067068327596,0.0017983287843996198,3.9194539571059632
2023-07-21,1.0736351039938732,1.0819544583723535,1.0819544583723535,-0.008319354378480304,0.008319354378480304,6.92116572747394e-05,0.7748772695241324
2023-07-24,1.0862292021803543,1.0736351039938732,1.0736351039938732,0.012594098186481162,0.012594098186481162,0.00015861130913072809,1.1594328490894388
2023-07-25,1.05652959922236,1.0862292021803543,1.0862292021803543,-0.029699602957994342,0.029699602957994342,0.0008820664158625062,2.8110526179156943
2023-07-26,1.0487422924457126,1.05652959922236,1.05652959922236,-0.007787306776647407,0.007787306776647407,6.064214683361863e-05,0.7425376884999144
2023-07-27,1.190420843759668,1.0487422924457126,1.0487422924457126,0.14167855131395535,0.14167855131395535,0.02007281190242108,11.901551628287734
2023-07-28,1.2280851259708463,1.190420843759668,1.190420843759668,0.037664282211178346,0.037664282211178346,0.0014185981544832856,3.0669113577451195
2023-07-31,1.2371379535964495,1.2280851259708463,1.2280851259708463,0.009052827625603221,0.009052827625603221,8.195368801888486e-05,0.7317557107746955
2023-08-01,1.1918429271377766,1.2371379535964495,1.2371379535964495,-0.04529502645867289,0.04529502645867289,0.0020516394218918774,3.800419117932711
2023-08-02,1.164525173840879,1.1918429271377766,1.1918429271377766,-0.027317753296897562,0.027317753296897562,0.0007462596451901577,2.3458276309130492
2023-08-03,1.109355812511922,1.164525173840879,1.164525173840879,-0.055169361328957,0.055169361328957,0.0030436584294450163,4.9730988657315125
2023-08-04,1.1372201281407002,1.109355812511922,1.109355812511922,0.027864315628778114,0.027864315628778114,0.0007764200854601682,2.450213018506357
2023-08-07,1.0204494122884125,1.1372201281407002,1.1372201281407002,-0.11677071585228771,0.11677071585228771,0.013635400080655715,11.443067578472423
2023-08-08,1.0452718075812617,1.0204494122884125,1.0204494122884125,0.024822395292849242,0.024822395292849242,0.0006161513080744642,2.3747311572755203
2023-08-09,1.1071317972151316,1.0452718075812617,1.0452718075812617,0.06185998963386985,0.06185998963386985,0.0038266583175024854,5.587409718470002
2023-08-10,1.116448233424578,1.1071317972151316,1.1071317972151316,0.009316436209446444,0.009316436209446444,8.679598364468481e-05,0.8344709526629224
2023-08-11,1.0688816030114878,1.116448233424578,1.116448233424578,-0.04756663041309017,0.04756663041309017,0.002262584328855515,4.450130891866324
2023-08-14,0.9469498375140748,1.0688816030114878,1.0688816030114878,-0.12193176549741302,0.12193176549741302,0.014867355437316121,12.876264472203442
2023-08-16,0.9394075994597504,0.9469498375140748,0.9469498375140748,-0.007542238054324413,0.007542238054324413,5.6885354868099304e-05,0.8028717309357434
2023-08-17,0.921334097242268,0.9394075994597504,0.9394075994597504,-0.018073502217482385,0.018073502217482385,0.0003266514824053407,1.9616664868455307
2023-08-18,1.057252067812002,0.921334097242268,0.921334097242268,0.1359179705697341,0.1359179705697341,0.018473694723795103,12.855777227375704
2023-08-21,0.9054691140395686,1.057252067812002,1.057252067812002,-0.15178295377243345,0.15178295377243345,0.02303806505588467,16.762907913587938
2023-08-22,0.9986310378396416,0.9054691140395686,0.9054691140395686,0.09316192380007293,0.09316192380007293,0.008679144046130596,9.328963377866963
2023-08-23,1.1622965872427795,0.9986310378396416,0.9986310378396416,0.16366554940313793,0.16366554940313793,0.026786412061430984,14.081220851847137
2023-08-24,1.1253483668496609,1.1622965872427795,1.1622965872427795,-0.036948220393118625,0.036948220393118625,0.001365170990218467,3.283269561811579
2023-08-25,0.975703981334989,1.1253483668496609,1.1253483668496609,-0.14964438551467185,0.14964438551467185,0.02239344211606373,15.33706824788433
2023-08-28,0.979006541973768,0.975703981334989,0.975703981334989,0.003302560638778984,0.003302560638778984,1.0906906772812251e-05,0.3373379540570501
2023-08-29,1.1409355886330366,0.979006541973768,0.979006541973768,0.16192904665926855,0.16192904665926855,0.02622101615197957,14.19265454356428
2023-08-30,1.2052955006520685,1.1409355886330366,1.1409355886330366,0.0643599120190319,0.0643599120190319,0.004142198275097528,5.339762073633644
2023-08-31,1.5177448129912694,1.2052955006520685,1.2052955006520685,0.3124493123392009,0.3124493123392009,0.09762457278123954,20.586419381226918
2023-09-01,1.2573986285276224,1.5177448129912694,1.5177448129912694,-0.260346184463647,0.260346184463647,0.0677801357647793,20.70514302759379
2023-09-04,1.36677443610857,1.2573986285276224,1.2573986285276224,0.10937580758094767,0.10937580758094767,0.01196306728398449,8.002476830950867
2023-09-05,1.4016339108861775,1.36677443610857,1.36677443610857,0.034859474777607424,0.034859474777607424,0.0012151829817706483,2.4870598882391235
2023-09-06,1.2886014424364045,1.4016339108861775,1.4016339108861775,-0.113032468449773,0.113032468449773,0.012776338923848928,8.771716740907761
2023-09-07,1.2546457731465426,1.2886014424364045,1.2886014424364045,-0.033955669289861934,0.033955669289861934,0.001152987476922473,2.7063949057672323
2023-09-08,1.357028672527698,1.2546457731465426,1.2546457731465426,0.10238289938115552,0.10238289938115552,0.010482258085691816,7.544637888192137
2023-09-11,1.322534766826167,1.357028672527698,1.357028672527698,-0.03449390570153099,0.03449390570153099,0.0011898295305461121,2.6081662703136215
2023-09-12,1.3749505903914945,1.322534766826167,1.322534766826167,0.05241582356532737,0.05241582356532737,0.002747418560031528,3.812196884136966
2023-09-13,1.249747406887861,1.3749505903914945,1.3749505903914945,-0.12520318350363357,0.12520318350363357,0.015675837159444542,10.01827911893143
2023-09-14,1.2163796824049662,1.249747406887861,1.249747406887861,-0.03336772448289471,0.03336772448289471,0.0011134050371663711,2.743199756257165
2023-09-15,1.584968350594567,1.2163796824049662,1.2163796824049662,0.3685886681896009,0.3685886681896009,0.1358576063177837,23.255269927082942
2023-09-18,1.217749847899712,1.584968350594567,1.584968350594567,-0.3672185026948551,0.3672185026948551,0.1348494287214513,30.155495673286875
2023-09-20,1.1992892266599593,1.217749847899712,1.217749847899712,-0.018460621239752673,0.018460621239752673,0.0003407945365576075,1.5392968459464789
2023-09-21,1.0996401054907168,1.1992892266599593,1.1992892266599593,-0.09964912116924252,0.09964912116924252,0.009929947349802378,9.061975883898295
2023-09-22,1.1012601124546295,1.0996401054907168,1.0996401054907168,0.0016200069639127346,0.0016200069639127346,2.624422563125756e-06,0.14710484340541996
2023-09-25,1.086122626773476,1.1012601124546295,1.1012601124546295,-0.015137485681153473,0.015137485681153473,0.00022914347274712642,1.3937179198744911
2023-09-26,1.009075988700714,1.086122626773476,1.086122626773476,-0.07704663807276213,0.07704663807276213,0.005936184438315199,7.635365317924904
2023-09-27,1.095805119320641,1.009075988700714,1.009075988700714,0.08672913061992715,0.08672913061992715,0.007521942098088386,7.91464915528922
2023-09-28,1.27709615549929,1.095805119320641,1.095805119320641,0.18129103617864883,0.18129103617864883,0.03286643979872816,14.195566668805123
2023-09-29,1.0714190455511736,1.27709615549929,1.27709615549929,-0.20567710994811628,0.20567710994811628,0.04230307355660951,19.196700936215777
2023-10-03,1.1427892722308104,1.0714190455511736,1.0714190455511736,0.07137022667963677,0.07137022667963677,0.005093709256302737,6.245265720802291
2023-10-04,1.155193893398327,1.1427892722308104,1.1427892722308104,0.012404621167516616,0.012404621167516616,0.0001538746263096013,1.073812910404585
2023-10-05,1.0216470708452814,1.155193893398327,1.155193893398327,-0.13354682255304562,0.13354682255304562,0.017834753814014653,13.07171785287387
2023-10-06,1.0092660717407034,1.0216470708452814,1.0216470708452814,-0.012380999104578017,0.012380999104578017,0.00015328913882756164,1.2267329152583357
2023-10-09,0.9608134443734322,1.0092660717407034,1.0092660717407034,-0.048452627367271184,0.048452627367271184,0.0023476570987916363,5.042875664470768
2023-10-10,0.9980865226123355,0.9608134443734322,0.9608134443734322,0.03727307823890336,0.03727307823890336,0.001389282361403411,3.7344536164406765
2023-10-11,1.2060847309564455,0.9980865226123355,0.9980865226123355,0.20799820834410998,0.20799820834410998,0.043263254674359784,17.245737633969043
2023-10-12,1.1525083963784526,1.2060847309564455,1.2060847309564455,-0.053576334577992935,0.053576334577992935,0.0028704236268130416,4.648671952963362
2023-10-13,1.0866592263517203,1.1525083963784526,1.1525083963784526,-0.0658491700267323,0.0658491700267323,0.004336113193209499,6.059781063821641
2023-10-16,1.1132197551507697,1.0866592263517203,1.0866592263517203,0.026560528799049354,0.026560528799049354,0.0007054616900851301,2.385919642205066
2023-10-17,1.1824606809755371,1.1132197551507697,1.1132197551507697,0.06924092582476749,0.06924092582476749,0.004794305809070953,5.855664119642719
2023-10-18,1.2185374014089567,1.1824606809755371,1.1824606809755371,0.036076720433419585,0.036076720433419585,0.0013015297572311142,2.9606576204969337
2023-10-19,1.0375073107847324,1.2185374014089567,1.2185374014089567,-0.18103009062422437,0.18103009062422437,0.03277189371141489,17.44856048168951
2023-10-20,1.060206543556699,1.0375073107847324,1.0375073107847324,0.022699232771966615,0.022699232771966615,0.0005152551684359231,2.1410198710731385
2023-10-23,1.007144749854172,1.060206543556699,1.060206543556699,-0.05306179370252706,0.05306179370252706,0.0028155539509295406,5.268536991352044
2023-10-25,0.9754589726168448,1.007144749854172,1.007144749854172,-0.03168577723732713,0.03168577723732713,0.001003988479133518,3.2482942006596454
2023-10-26,1.0155932349436947,0.9754589726168448,0.9754589726168448,0.04013426232684991,0.04013426232684991,0.0016107590125204042,3.9518048118029254
2023-10-27,0.9986491237641052,1.0155932349436947,1.0155932349436947,-0.016944111179589494,0.016944111179589494,0.00028710290366628966,1.6967031539289599
2023-10-30,0.9153696996772008,0.9986491237641052,0.9986491237641052,-0.08327942408690436,0.08327942408690436,0.006935462476246467,9.097900456643071
2023-10-31,0.9857109422323334,0.9153696996772008,0.9153696996772008,0.07034124255513252,0.07034124255513252,0.004947890404199987,7.1360922904874275
2023-11-01,0.978878350462762,0.9857109422323334,0.9857109422323334,-0.006832591769571406,0.006832591769571406,4.6684310289614914e-05,0.6980021333949532
2023-11-02,0.9786576864059736,0.978878350462762,0.978878350462762,-0.00022066405678833334,0.00022066405678833334,4.86926259582848e-08,0.022547624144117328
2023-11-03,1.0896747536278668,0.9786576864059736,0.9786576864059736,0.1110170672218932,0.1110170672218932,0.012324789214550352,10.18809207539064
2023-11-06,1.08488063846482,1.0896747536278668,1.0896747536278668,-0.0047941151630468415,0.0047941151630468415,2.2983540196555643e-05,0.4419025460562041
2023-11-07,1.0680592271769611,1.08488063846482,1.08488063846482,-0.016821411287858856,0.016821411287858856,0.00028295987771530533,1.5749511693579334
2023-11-08,1.1598381257673112,1.0680592271769611,1.0680592271769611,0.09177889859035004,0.09177889859035004,0.008423366226457757,7.913078260781617
2023-11-09,1.1674632709952897,1.1598381257673112,1.1598381257673112,0.007625145227978525,0.007625145227978525,5.814283974776367e-05,0.6531379116944648
2023-11-10,1.0296467675111218,1.1674632709952897,1.1674632709952897,-0.13781650348416785,0.13781650348416785,0.018993388632601648,13.384833307183595
2023-11-12,-0.0532525787180852,1.0296467675111218,1.0296467675111218,-1.082899346229207,1.082899346229207,1.1726709940636437,2033.5153194401864
2023-11-13,0.982834839517039,-0.0532525787180852,-0.0532525787180852,1.036087418235124,1.036087418235124,1.073477138225125,105.41826322968497
2023-11-15,1.180990075202001,0.982834839517039,0.982834839517039,0.19815523568496207,0.19815523568496207,0.03926549742936287,16.778738436990576
2023-11-16,1.1508039571038424,1.180990075202001,1.180990075202001,-0.030186118098158632,0.030186118098158632,0.0009112017258359801,2.6230460811176024
2023-11-17,1.1266203719665795,1.1508039571038424,1.1508039571038424,-0.02418358513726293,0.02418358513726293,0.0005848457900912446,2.146560255700784
2023-11-20,0.957198089348293,1.1266203719665795,1.1266203719665795,-0.1694222826182865,0.1694222826182865,0.02870390984759055,17.69981412453899
2023-11-21,1.0457713565657718,0.957198089348293,0.957198089348293,0.08857326721747882,0.08857326721747882,0.007845223665578908,8.46965894230898
2023-11-22,1.0748553052722924,1.0457713565657718,1.0457713565657718,0.029083948706520646,0.029083948706520646,0.000845876072363524,2.70584780703602
2023-11-23,1.0042812857289125,1.0748553052722924,1.0748553052722924,-0.07057401954337994,0.07057401954337994,0.004980692234509374,7.027316006606352
2023-11-24,1.0074659335037812,1.0042812857289125,1.0042812857289125,0.0031846477748687096,0.0031846477748687096,1.0141981449976223e-05,0.3161047603657516
2023-11-28,1.0899172978882157,1.0074659335037812,1.0074659335037812,0.08245136438443446,0.08245136438443446,0.006798227488854787,7.5649193332548474
2023-11-29,1.216667359041234,1.0899172978882157,1.0899172978882157,0.12675006115301835,0.12675006115301835,0.01606557800229389,10.417807316940001
2023-11-30,1.6486570659926754,1.216667359041234,1.216667359041234,0.43198970695144134,0.43198970695144134,0.18661510691199218,26.20252057642657
2023-12-01,1.2909943551576752,1.6486570659926754,1.6486570659926754,-0.3576627108350001,0.3576627108350001,0.1279226147218409,27.704436460631705
2023-12-04,1.4332404620628392,1.2909943551576752,1.2909943551576752,0.14224610690516393,0.14224610690516393,0.020233954929675325,9.924790059333901
2023-12-05,1.363060291042787,1.4332404620628392,1.4332404620628392,-0.07018017102005225,0.07018017102005225,0.0049252564044037815,5.148720968634635
2023-12-06,1.3412428970960864,1.363060291042787,1.363060291042787,-0.02181739394670057,0.02181739394670057,0.00047599867862552664,1.6266549477307373
2023-12-07,1.328558933691811,1.3412428970960864,1.3412428970960864,-0.012683963404275245,0.012683963404275245,0.00016088292764099366,0.9547159017650001
2023-12-08,1.3344490203320534,1.328558933691811,1.328558933691811,0.005890086640242265,0.005890086640242265,3.469312062956041e-05,0.4413871605808234
2023-12-11,1.277304163144031,1.3344490203320534,1.3344490203320534,-0.057144857188022424,0.057144857188022424,0.0032655347030394783,4.473864474641869
2023-12-12,1.196163496403728,1.277304163144031,1.277304163144031,-0.08114066674030296,0.08114066674030296,0.0065838077990609065,6.783409373739695
2023-12-13,1.2323484605811974,1.196163496403728,1.196163496403728,0.036184964177469414,0.036184964177469414,0.0013093516325247447,2.9362607521255755
2023-12-14,1.376101617617098,1.2323484605811974,1.2323484605811974,0.14375315703590053,0.14375315703590053,0.020664970157788277,10.44640564298065
2023-12-15,1.6134604192451876,1.376101617617098,1.376101617617098,0.23735880162808964,0.23735880162808964,0.05633920071032281,14.711163583370165
2023-12-18,1.398021980149971,1.6134604192451876,1.6134604192451876,-0.21543843909521665,0.21543843909521665,0.046413721039783376,15.410232611085684
2023-12-19,1.3401119759301188,1.398021980149971,1.398021980149971,-0.05791000421985215,0.05791000421985215,0.003353568588743294,4.321281001884869
2023-12-20,1.4324880561975293,1.3401119759301188,1.3401119759301188,0.09237608026741051,0.09237608026741051,0.00853334020557107,6.448645757830497
2023-12-21,1.2054321760879894,1.4324880561975293,1.4324880561975293,-0.22705588010953992,0.22705588010953992,0.05155437269231777,18.836056031489754
2023-12-22,1.2582389853710014,1.2054321760879894,1.2054321760879894,0.05280680928301207,0.05280680928301207,0.0027885591066524095,4.196882301134675
2023-12-26,1.186668125649316,1.2582389853710014,1.2582389853710014,-0.07157085972168553,0.07157085972168553,0.005122387961301188,6.0312448084441215
2023-12-27,1.3157166321306475,1.186668125649316,1.186668125649316,0.1290485064813316,0.1290485064813316,0.016653517025062282,9.808229472052261
2023-12-28,1.493523258738909,1.3157166321306475,1.3157166321306475,0.1778066266082614,0.1778066266082614,0.031615196465809695,11.905179619257925
2023-12-29,1.4121839013464907,1.493523258738909,1.493523258738909,-0.08133935739241815,0.08133935739241815,0.00661609106101153,5.759827549008498
2024-01-01,1.160022284617563,1.4121839013464907,1.4121839013464907,-0.2521616167289278,0.2521616167289278,0.06358548095134667,21.737652808287265
2024-01-02,1.3531980660260376,1.160022284617563,1.160022284617563,0.1931757814084747,0.1931757814084747,0.0373168825227748,14.275499371335762
2024-01-03,1.3067119367452522,1.3531980660260376,1.3531980660260376,-0.04648612928078544,0.04648612928078544,0.0021609602155098972,3.5574886838925437
2024-01-04,1.4831334962954856,1.3067119367452522,1.3067119367452522,0.17642155955023342,0.17642155955023342,0.03112456667413656,11.895190823408173
2024-01-05,1.372592197085425,1.4831334962954856,1.4831334962954856,-0.11054129921006073,0.11054129921006073,0.012219378831048172,8.053469883100396
2024-01-08,1.185036082136915,1.372592197085425,1.372592197085425,-0.18755611494850988,0.18755611494850988,0.035177296254578654,15.82703833036877
2024-01-09,1.2101646997068602,1.185036082136915,1.185036082136915,0.025128617569945222,0.025128617569945222,0.0006314474209765598,2.0764626150500143
2024-01-10,1.2043817607957383,1.2101646997068602,1.2101646997068602,-0.005782938911121915,0.005782938911121915,3.344238244976792e-05,0.48015829360460516
2024-01-11,1.274783952961096,1.2043817607957383,1.2043817607957383,0.0704021921653577,0.0704021921653577,0.004956468661687953,5.522676372088458
2024-01-12,1.29856637164294,1.274783952961096,1.274783952961096,0.023782418681844053,0.023782418681844053,0.0005656034383585251,1.831436513464818
2024-01-15,1.339932661947708,1.29856637164294,1.29856637164294,0.041366290304768016,0.041366290304768016,0.0017111699735783445,3.0871917283245063
2024-01-16,1.3202333608787584,1.339932661947708,1.339932661947708,-0.01969930106894968,0.01969930106894968,0.00038806246260512207,1.4921075055880773
2024-01-17,1.2907721253214255,1.3202333608787584,1.3202333608787584,-0.029461235557332932,0.029461235557332932,0.0008679644005646583,2.282450556483512
2024-01-18,1.2877523407383444,1.2907721253214255,1.2907721253214255,-0.0030197845830810532,0.0030197845830810532,9.119098928214011e-06,0.2345004149904812
2024-01-19,1.2890668785645782,1.2877523407383444,1.2877523407383444,0.001314537826233808,0.001314537826233808,1.7280096965995054e-06,0.10197592134999177
2024-01-20,0.9519936727562448,1.2890668785645782,1.2890668785645782,-0.33707320580833344,0.33707320580833344,0.11361834607390711,35.407084674462965
2024-01-23,1.331852186576972,0.9519936727562448,0.9519936727562448,0.3798585138207271,0.3798585138207271,0.14429249052209153,28.52107145591069
2024-01-24,1.3220973914698884,1.331852186576972,1.331852186576972,-0.009754795107083547,0.009754795107083547,9.515602758118111e-05,0.7378272712752507
2024-01-25,1.3545473110079391,1.3220973914698884,1.3220973914698884,0.032449919538050764,0.032449919538050764,0.0010529972780259687,2.395628360437576
2024-01-29,1.3957463463701738,1.3545473110079391,1.3545473110079391,0.04119903536223468,0.04119903536223468,0.001697360514778664,2.9517566332434484
2024-01-30,1.373222776051114,1.3957463463701738,1.3957463463701738,-0.022523570319059827,0.022523570319059827,0.0005073112199176328,1.640197840573936
2024-01-31,1.5266789336009206,1.373222776051114,1.373222776051114,0.15345615754980657,0.15345615754980657,0.023548792289951055,10.051632610653458
2024-02-01,1.377555598516019,1.5266789336009206,1.5266789336009206,-0.1491233350849015,0.1491233350849015,0.022237769066843813,10.825213533707503
2024-02-02,1.4433388210221811,1.377555598516019,1.377555598516019,0.06578322250616209,0.06578322250616209,0.00432743236329523,4.557711713149517
2024-02-05,1.4248721024185125,1.4433388210221811,1.4433388210221811,-0.018466718603668664,0.018466718603668664,0.00034101969598708233,1.296026399304478
2024-02-06,1.456820877581798,1.4248721024185125,1.4248721024185125,0.031948775163285426,0.031948775163285426,0.0010207242344341637,2.19304759115738
2024-02-07,1.4404881065264126,1.456820877581798,1.456820877581798,-0.01633277105538533,0.01633277105538533,0.00026675941034763287,1.133835883919244
2024-02-08,1.3425688871956138,1.4404881065264126,1.4404881065264126,-0.09791921933079872,0.09791921933079872,0.009588173514353067,7.293422353569838
2024-02-09,1.3073162892937875,1.3425688871956138,1.3425688871956138,-0.03525259790182633,0.03525259790182633,0.0012427456588278503,2.6965622772794937
2024-02-12,1.1891653030951752,1.3073162892937875,1.3073162892937875,-0.1181509861986123,0.1181509861986123,0.013959655539704676,9.935623406694374
2024-02-13,1.1504510118675142,1.1891653030951752,1.1891653030951752,-0.03871429122766101,0.03871429122766101,0.0014987963452601505,3.365140351766612
2024-02-14,1.195987720442422,1.1504510118675142,1.1504510118675142,0.04553670857490788,0.04553670857490788,0.002073591827836089,3.8074561967963065
2024-02-15,1.2333583164679482,1.195987720442422,1.195987720442422,0.03737059602552617,0.03737059602552617,0.0013965614473030723,3.029986949173609
2024-02-16,1.3219612645542975,1.2333583164679482,1.2333583164679482,0.08860294808634928,0.08860294808634928,0.007850482409592305,6.702386103288887
2024-02-19,1.194173914956702,1.3219612645542975,1.3219612645542975,-0.1277873495975954,0.1277873495975954,0.016329606717178067,10.70089942487386
2024-02-20,1.210934225123259,1.194173914956702,1.194173914956702,0.01676031016655699,0.01676031016655699,0.0002809079968791936,1.384080969786033
2024-02-21,1.2823007807319218,1.210934225123259,1.210934225123259,0.07136655560866267,0.07136655560866267,0.005093185259444342,5.565508239644641
2024-02-22,1.197290718156578,1.2823007807319218,1.2823007807319218,-0.08501006257534383,0.08501006257534383,0.0072267107390638725,7.100202255491508
2024-02-23,1.2064514671459858,1.197290718156578,1.197290718156578,0.009160748989407885,0.009160748989407885,8.391932204693759e-05,0.7593135106444688
2024-02-26,1.1255623849565377,1.2064514671459858,1.2064514671459858,-0.08088908218944812,0.08088908218944812,0.006543043617451294,7.186548099914654
2024-02-27,1.185016148145248,1.1255623849565377,1.1255623849565377,0.05945376318871021,0.05945376318871021,0.0035347499572992327,5.017126836774796
2024-02-28,1.2359424713583735,1.185016148145248,1.185016148145248,0.050926323213125624,0.050926323213125624,0.002593490396007738,4.120444469972344
2024-02-29,1.608581878579435,1.2359424713583735,1.2359424713583735,0.3726394072210615,0.3726394072210615,0.1388601278140641,23.165709634261543
2024-03-01,1.1773624129362097,1.608581878579435,1.608581878579435,-0.43121946564322533,0.43121946564322533,0.18595022754962878,36.625890287070774
2024-03-02,-0.1570316162802664,1.1773624129362097,1.1773624129362097,-1.334394029216476,1.334394029216476,1.7806074252085813,849.7613797942959
2024-03-04,1.1892324514747312,-0.1570316162802664,-0.1570316162802664,1.3462640677549977,1.3462640677549977,1.8124269401282331,113.20445099572723
2024-03-05,1.2222736067160531,1.1892324514747312,1.1892324514747312,0.033041155241321896,0.033041155241321896,0.0010917179396811333,2.703253597211782
2024-03-06,1.2240336653963142,1.2222736067160531,1.2222736067160531,0.0017600586802610785,0.0017600586802610785,3.0978065579623694e-06,0.1437916889067926
2024-03-07,1.2224845336958972,1.2240336653963142,1.2240336653963142,-0.001549131700417039,0.001549131700417039,2.399809025236987e-06,0.12671994268374098
2024-03-11,1.1919709628684492,1.2224845336958972,1.2224845336958972,-0.03051357082744799,0.03051357082744799,0.0009310780046416849,2.55992568426481
2024-03-12,1.1615345577349845,1.1919709628684492,1.1919709628684492,-0.030436405133464683,0.030436405133464683,0.0009263747574483953,2.6203615665827695
2024-03-13,1.2889049998242703,1.1615345577349845,1.1615345577349845,0.12737044208928583,0.12737044208928583,0.016223229518020115,9.882065947967583
2024-03-14,1.1830722237600275,1.2889049998242703,1.2889049998242703,-0.1058327760642428,0.1058327760642428,0.011200576489464162,8.94558877630363
2024-03-15,1.4653074229986556,1.1830722237600275,1.1830722237600275,0.28223519923862805,0.28223519923862805,0.07965670768926808,19.261159454242865
2024-03-18,1.0676299932649325,1.4653074229986556,1.4653074229986556,-0.3976774297337231,0.3976774297337231,0.15814733811962028,37.24861911359205
2024-03-19,1.0624390005582385,1.0676299932649325,1.0676299932649325,-0.0051909927066939865,0.0051909927066939865,2.694640528095016e-05,0.4885920701298124
2024-03-20,1.04009918916795,1.0624390005582385,1.0624390005582385,-0.0223398113902884,0.0223398113902884,0.0004990671729536594,2.1478539376768113
2024-03-21,1.2602772131142204,1.04009918916795,1.04009918916795,0.22017802394627028,0.22017802394627028,0.048478362228884374,17.47060263052739
2024-03-22,1.274710270330732,1.2602772131142204,1.2602772131142204,0.014433057216511669,0.014433057216511669,0.00020831314061509957,1.1322617815550287
2024-03-26,1.2771363307873913,1.274710270330732,1.274710270330732,0.0024260604566592736,0.0024260604566592736,5.885769339365803e-06,0.18996096173722796
2024-03-27,1.3908055272918192,1.2771363307873913,1.2771363307873913,0.11366919650442786,0.11366919650442786,0.012920686233962236,8.17290370752012
2024-03-28,1.4433338667973397,1.3908055272918192,1.3908055272918192,0.052528339505520494,0.052528339505520494,0.002759226451207225,3.6393755259188456
2024-04-01,1.2335171895209294,1.4433338667973397,1.4433338667973397,-0.2098166772764103,0.2098166772764103,0.044023038063313306,17.009627353300072
2024-04-02,1.3716318503352596,1.2335171895209294,1.2335171895209294,0.13811466081433021,0.13811466081433021,0.019075659531857483,10.069368160310049
2024-04-03,1.4338451587839842,1.3716318503352596,1.3716318503352596,0.062213308448724636,0.062213308448724636,0.0038704957481361523,4.338914008084842
2024-04-04,1.3959855034065678,1.4338451587839842,1.4338451587839842,-0.037859655377416424,0.037859655377416424,0.0014333535052967364,2.712037860352347
2024-04-05,1.4052005552184597,1.3959855034065678,1.3959855034065678,0.009215051811891861,0.009215051811891861,8.491717989585147e-05,0.6557819649067277
2024-04-08,1.3765093665348205,1.4052005552184597,1.4052005552184597,-0.02869118868363918,0.02869118868363918,0.0008231843080801849,2.084343875978515
2024-04-09,1.3172044744804037,1.3765093665348205,1.3765093665348205,-0.0593048920544168,0.0593048920544168,0.0035170702215860292,4.502329987742469
2024-04-10,1.4027722865112775,1.3172044744804037,1.3172044744804037,0.08556781203087382,0.08556781203087382,0.007321850455750956,6.099907508415544
2024-04-12,1.4168313044286514,1.4027722865112775,1.4027722865112775,0.01405901791737385,0.01405901791737385,0.00019765598480103895,0.9922859463528909
2024-04-15,1.2711335523702083,1.4168313044286514,1.4168313044286514,-0.14569775205844304,0.14569775205844304,0.021227834954883545,11.462033378535953
2024-04-16,1.2974479783847264,1.2711335523702083,1.2711335523702083,0.026314426014518055,0.026314426014518055,0.0006924490164735446,2.028168100217669
2024-04-18,1.389843413603307,1.2974479783847264,1.2974479783847264,0.09239543521858073,0.09239543521858073,0.00853691644923095,6.647902512919524
2024-04-19,1.2473230318645934,1.389843413603307,1.389843413603307,-0.14252038173871373,0.14252038173871373,0.020312059210948686,11.426100384409917
2024-04-22,1.3624748637444388,1.2473230318645934,1.2473230318645934,0.11515183187984546,0.11515183187984546,0.013259944385284193,8.451666518336932
2024-04-23,1.374165623636786,1.3624748637444388,1.3624748637444388,0.011690759892347247,0.011690759892347247,0.000136673866860515,0.8507533365161012
2024-04-24,1.42051796425188,1.374165623636786,1.374165623636786,0.04635234061509386,0.04635234061509386,0.0021485394804976795,3.263059094047111
2024-04-25,1.4988092003394289,1.42051796425188,1.42051796425188,0.07829123608754895,0.07829123608754895,0.006129517648116328,5.223562550177746
2024-04-26,1.4142756385525703,1.4988092003394289,1.4988092003394289,-0.08453356178685856,0.08453356178685856,0.007145923068372633,5.977163113222667
2024-04-29,1.4067861468330405,1.4142756385525703,1.4142756385525703,-0.007489491719529839,0.007489491719529839,5.609248621690603e-05,0.5323831014678526
2024-04-30,1.5640484969512414,1.4067861468330405,1.4067861468330405,0.1572623501182009,0.1572623501182009,0.0247314467646996,10.054825692729366
2024-05-02,1.4323233949964873,1.5640484969512414,1.5640484969512414,-0.13172510195475406,0.13172510195475406,0.017351502484990355,9.196603393822043
2024-05-03,1.574457602510288,1.4323233949964873,1.4323233949964873,0.1421342075138008,0.1421342075138008,0.020202132945576184,9.02750301355746
2024-05-06,1.3941201295737056,1.574457602510288,1.574457602510288,-0.18033747293658253,0.18033747293658253,0.032521604145152636,12.93557629009533
2024-05-07,1.4434947929752993,1.3941201295737056,1.3941201295737056,0.04937466340159369,0.04937466340159369,0.0024378573860206754,3.4204947355455118
2024-05-08,1.3784002868653091,1.4434947929752993,1.4434947929752993,-0.06509450610999012,0.06509450610999012,0.0042372947257035415,4.722467539383998
2024-05-09,1.2696276561485682,1.3784002868653091,1.3784002868653091,-0.10877263071674093,0.10877263071674093,0.01183148519304049,8.567285864479677
2024-05-10,1.2526455813598174,1.2696276561485682,1.2696276561485682,-0.0169820747887508,0.0169820747887508,0.00028839086413072555,1.3556966983682488
2024-05-13,1.210169910947981,1.2526455813598174,1.2526455813598174,-0.04247567041183631,0.04247567041183631,0.0018041825769349463,3.509893117286579
2024-05-14,1.2735705295606394,1.210169910947981,1.210169910947981,0.06340061861265833,0.06340061861265833,0.0040196384404677585,4.978178839811132
2024-05-15,1.3529507486176966,1.2735705295606394,1.2735705295606394,0.07938021905705717,0.07938021905705717,0.0063012191775463815,5.867192071711373
2024-05-16,1.4459592184027836,1.3529507486176966,1.3529507486176966,0.09300846978508703,0.09300846978508703,0.008650575451763448,6.432302419139098
2024-05-17,1.3719900417151172,1.4459592184027836,1.4459592184027836,-0.07396917668766645,0.07396917668766645,0.005471439099851217,5.39137854056127
2024-05-18,0.3140055087955666,1.3719900417151172,1.3719900417151172,-1.0579845329195505,1.0579845329195505,1.1193312718969994,336.93183822719226
2024-05-21,1.4199348867798207,0.3140055087955666,0.3140055087955666,1.105929377984254,1.105929377984254,1.2230797890886391,77.88592197296599
2024-05-22,1.376973134782188,1.4199348867798207,1.4199348867798207,-0.042961751997632636,0.042961751997632636,0.0018457121347060918,3.1200138123557797
2024-05-23,1.399485586303109,1.376973134782188,1.376973134782188,0.022512451520920962,0.022512451520920962,0.0005068104734818165,1.6086233214012595
2024-05-24,1.4792738629208215,1.399485586303109,1.399485586303109,0.07978827661771248,0.07978827661771248,0.006366169085624604,5.39374612217989
2024-05-27,1.5695574031209552,1.4792738629208215,1.4792738629208215,0.09028354020013363,0.09028354020013363,0.008151117631069144,5.752165548110003
2024-05-28,1.426235796967089,1.5695574031209552,1.5695574031209552,-0.14332160615386624,0.14332160615386624,0.02054108279052395,10.048941869124427
2024-05-29,1.4167167867703334,1.426235796967089,1.426235796967089,-0.009519010196755495,0.009519010196755495,9.061155512593509e-05,0.6719063602299674
2024-05-30,1.4141982879450965,1.4167167867703334,1.4167167867703334,-0.0025184988252369145,0.0025184988252369145,6.3428363327197185e-06,0.17808668322576066
2024-05-31,1.9338665483907276,1.4141982879450965,1.4141982879450965,0.5196682604456311,0.5196682604456311,0.27005510091458823,26.871981465219225
2024-06-03,1.6264519554639578,1.9338665483907276,1.9338665483907276,-0.30741459292676976,0.30741459292676976,0.09450373194433156,18.90093291068517
2024-06-04,1.5321467299959353,1.6264519554639578,1.6264519554639578,-0.09430522546802256,0.09430522546802256,0.00889347555057457,6.155104052486719
2024-06-05,1.4729111803862251,1.5321467299959353,1.5321467299959353,-0.059235549609710114,0.059235549609710114,0.0035088503375644282,4.021664741126986
2024-06-06,1.5176957365901018,1.4729111803862251,1.4729111803862251,0.04478455620387667,0.04478455620387667,0.0020056564743781884,2.950825723771012
2024-06-07,1.631622152537718,1.5176957365901018,1.5176957365901018,0.1139264159476161,0.1139264159476161,0.012979228250669236,6.982401885781118
2024-06-10,1.5828067413564029,1.631622152537718,1.631622152537718,-0.04881541118131505,0.04881541118131505,0.0023829443688008585,3.0841043259319307
2024-06-11,1.542350946351358,1.5828067413564029,1.5828067413564029,-0.040455795005044815,0.040455795005044815,0.001636671349490209,2.622995440872165
2024-06-12,1.5728967515893495,1.542350946351358,1.542350946351358,0.03054580523799144,0.03054580523799144,0.0009330462176373054,1.942009557024396
2024-06-13,1.6313228588988251,1.5728967515893495,1.5728967515893495,0.05842610730947562,0.05842610730947562,0.00341361001533836,3.5815171099186576
2024-06-14,1.564223537131214,1.6313228588988251,1.6313228588988251,-0.06709932176761102,0.06709932176761102,0.004502318981673398,4.289624863379257
2024-06-18,1.588535453296727,1.564223537131214,1.564223537131214,0.02431191616551298,0.02431191616551298,0.0005910692676389314,1.53046103661444
2024-06-19,1.5779245318269324,1.588535453296727,1.588535453296727,-0.010610921469794699,0.010610921469794699,0.00011259165443815008,0.6724606440784147
2024-06-20,1.5826615309911551,1.5779245318269324,1.5779245318269324,0.004736999164222766,0.004736999164222766,2.2439161081847185e-05,0.29930588893862736
2024-06-21,1.7410006994163012,1.5826615309911551,1.5826615309911551,0.15833916842514606,0.15833916842514606,0.025071292257566772,9.094721701044223
2024-06-24,1.5182038168568268,1.7410006994163012,1.7410006994163012,-0.22279688255947439,0.22279688255947439,0.04963845087822022,14.675031118070564
2024-06-25,1.4761929348863152,1.5182038168568268,1.5182038168568268,-0.042010881970511615,0.042010881970511615,0.001764914203940258,2.845893716036987
2024-06-26,1.4871535459163907,1.4761929348863152,1.4761929348863152,0.010960611030075507,0.010960611030075507,0.00012013499415261286,0.7370194597708153
2024-06-27,1.630071793339594,1.4871535459163907,1.4871535459163907,0.14291824742320336,0.14291824742320336,0.020425625446519973,8.767604470377403
2024-06-28,1.4817349736241912,1.630071793339594,1.630071793339594,-0.1483368197154029,0.1483368197154029,0.022003812083279947,10.011022372819097
2024-07-01,1.454829567772381,1.4817349736241912,1.4817349736241912,-0.026905405851810116,0.026905405851810116,0.000723900864050618,1.8493854158468457
2024-07-02,1.451596690328237,1.454829567772381,1.454829567772381,-0.0032328774441441332,0.0032328774441441332,1.0451496568855903e-05,0.22271182248377205
2024-07-03,1.4799685131958642,1.451596690328237,1.451596690328237,0.028371822867627294,0.028371822867627294,0.0008049603328320191,1.9170558437328369
2024-07-04,1.476676364860107,1.4799685131958642,1.4799685131958642,-0.0032921483357573056,0.0032921483357573056,1.0838240664629596e-05,0.22294311835005143
2024-07-05,1.4841662957053032,1.476676364860107,1.476676364860107,0.007489930845196335,0.007489930845196335,5.609906406582349e-05,0.5046557698331898
2024-07-08,1.4714088238988718,1.4841662957053032,1.4841662957053032,-0.012757471806431386,0.012757471806431386,0.0001627530868918917,0.8670242830695565
2024-07-09,1.5624421104344042,1.4714088238988718,1.4714088238988718,0.09103328653553233,0.09103328653553233,0.008287059257460332,5.826346200450424
2024-07-10,1.499891891671017,1.5624421104344042,1.5624421104344042,-0.06255021876338707,0.06255021876338707,0.00391252986734758,4.170315148093799
2024-07-11,1.4834931678518892,1.499891891671017,1.499891891671017,-0.01639872381912788,0.01639872381912788,0.00026891814289603213,1.105412830641706
2024-07-12,1.527473408945861,1.4834931678518892,1.4834931678518892,0.043980241093971806,0.043980241093971806,0.0019342616066838863,2.8792803093261976
2024-07-15,1.576216578589051,1.527473408945861,1.527473408945861,0.04874316964318992,0.04874316964318992,0.0023758965868647913,3.092415744467193
2024-07-16,1.5580965461736158,1.576216578589051,1.576216578589051,-0.01812003241543514,0.01812003241543514,0.0003283355747364202,1.1629595393131729
2024-07-18,1.6773206303529566,1.5580965461736158,1.5580965461736158,0.11922408417934083,0.11922408417934083,0.014214382248402548,7.108007975449074
2024-07-19,1.4673060720800928,1.6773206303529566,1.6773206303529566,-0.21001455827286386,0.21001455827286386,0.04410611468654613,14.312934585975068
2024-07-22,1.4107614102069137,1.4673060720800928,1.4673060720800928,-0.05654466187317908,0.05654466187317908,0.003197298786352152,4.008095306837587
2024-07-23,1.5346597927189942,1.4107614102069137,1.4107614102069137,0.12389838251208052,0.12389838251208052,0.01535080918910982,8.073345186985497
2024-07-24,1.5126500600795434,1.5346597927189942,1.5346597927189942,-0.02200973263945083,0.02200973263945083,0.0004844283308601072,1.4550445751010936
2024-07-25,1.5116846198515317,1.5126500600795434,1.5126500600795434,-0.0009654402280117047,0.0009654402280117047,9.320748338632924e-07,0.0638651882365863
2024-07-26,1.6075464502288883,1.5116846198515317,1.5116846198515317,0.09586183037735663,0.09586183037735663,0.009189490523297093,5.963238596539931
2024-07-29,1.6083892249674487,1.6075464502288883,1.6075464502288883,0.0008427747385604256,0.0008427747385604256,7.102692599555938e-07,0.052398680958427965
2024-07-30,1.5701345002349083,1.6083892249674487,1.6083892249674487,-0.038254724732540435,0.038254724732540435,0.0014634239643624408,2.436397947234274
2024-07-31,1.6345354912376036,1.5701345002349083,1.5701345002349083,0.06440099100269525,0.06440099100269525,0.004147487642129234,3.9400179040427843
2024-08-01,1.6028119972626924,1.6345354912376036,1.6345354912376036,-0.03172349397491114,0.03172349397491114,0.0010063800699762237,1.9792398627592647
2024-08-02,1.4514130391633722,1.6028119972626924,1.6028119972626924,-0.15139895809932025,0.15139895809932025,0.022921644513559727,10.431142205156851
2024-08-05,1.5198408227406996,1.4514130391633722,1.4514130391633722,0.06842778357732748,0.06842778357732748,0.004682361565305569,4.502299356187379
2024-08-06,1.4371906472610574,1.5198408227406996,1.5198408227406996,-0.08265017547964226,0.08265017547964226,0.006831051506815659,5.75081501101846
2024-08-07,1.445975161698072,1.4371906472610574,1.4371906472610574,0.008784514437014668,0.008784514437014668,7.716769389411913e-05,0.607514891659593
2024-08-08,1.3666330902770816,1.445975161698072,1.445975161698072,-0.07934207142099048,0.07934207142099048,0.006295164297373554,5.805660055026478
2024-08-09,1.3367950159624284,1.3666330902770816,1.3666330902770816,-0.02983807431465313,0.02983807431465313,0.0008903106788067628,2.232060559649165
2024-08-12,1.3883753439749822,1.3367950159624284,1.3367950159624284,0.051580328012553744,0.051580328012553744,0.0026605302378826367,3.7151573050034803
2024-08-13,1.3262002164623872,1.3883753439749822,1.3883753439749822,-0.06217512751259502,0.06217512751259502,0.00386574648120745,4.688215756625794
2024-08-14,1.267573385799284,1.3262002164623872,1.3262002164623872,-0.05862683066310326,0.05862683066310326,0.0034371052736001844,4.625123193647316
2024-08-16,1.375311231846881,1.267573385799284,1.267573385799284,0.10773784604759706,0.10773784604759706,0.011607443470975726,7.83370654967442
2024-08-19,1.398584590364561,1.375311231846881,1.375311231846881,0.023273358517680087,0.023273358517680087,0.0005416492166924723,1.6640651325647422
2024-08-20,1.4427968346462727,1.398584590364561,1.398584590364561,0.044212244281711666,0.044212244281711666,0.0019547225444257457,3.0643430329226553
2024-08-21,1.4606970535331396,1.4427968346462727,1.4427968346462727,0.01790021888686688,0.01790021888686688,0.0003204178361977458,1.2254573146135788
2024-08-22,1.4983073727705245,1.4606970535331396,1.4606970535331396,0.03761031923738489,0.03761031923738489,0.001414536113138004,2.5101871565805314
2024-08-23,1.3986210122277003,1.4983073727705245,1.4983073727705245,-0.0996863605428242,0.0996863605428242,0.009937370478273939,7.127474824938132
2024-08-26,1.455182445048858,1.3986210122277003,1.3986210122277003,0.056561432821157664,0.056561432821157664,0.0031991956827823313,3.8868963141771964
2024-08-27,1.5298991406397706,1.455182445048858,1.455182445048858,0.07471669559091265,0.07471669559091265,0.005582584600025106,4.8837660997487555
2024-08-28,1.454287301188698,1.5298991406397706,1.5298991406397706,-0.07561183945107253,0.07561183945107253,0.005717150265174767,5.199236725045271
2024-08-29,1.5054187120705178,1.454287301188698,1.454287301188698,0.05113141088181972,0.05113141088181972,0.0026144211787654716,3.3964909876465375
2024-08-30,1.8004212480678687,1.5054187120705178,1.5054187120705178,0.29500253599735093,0.29500253599735093,0.08702649624486833,16.38519520439644
2024-09-02,1.356233185336021,1.8004212480678687,1.8004212480678687,-0.44418806273184774,0.44418806273184774,0.1973030350734719,32.751599616831044
2024-09-03,1.3594790203310805,1.356233185336021,1.356233185336021,0.0032458349950594823,0.0032458349950594823,1.053544481515279e-05,0.23875579884042702
2024-09-04,1.5044922836460508,1.3594790203310805,1.3594790203310805,0.14501326331497033,0.14501326331497033,0.02102884653725692,9.638684418077506
2024-09-05,1.4955495412777695,1.5044922836460508,1.5044922836460508,-0.008942742368281298,0.008942742368281298,7.997264106545339e-05,0.5979569463570419
2024-09-06,1.477996239474887,1.4955495412777695,1.4955495412777695,-0.017553301802882615,0.017553301802882615,0.00030811840418308204,1.1876418446855506
2024-09-09,1.3407404916531165,1.477996239474887,1.477996239474887,-0.1372557478217704,0.1372557478217704,0.018839140310113432,10.237309059901351
2024-09-10,1.3055997079857828,1.3407404916531165,1.3407404916531165,-0.03514078366733364,0.03514078366733364,0.0012348746767543428,2.691543468675186
2024-09-11,1.3163411005683945,1.3055997079857828,1.3055997079857828,0.010741392582611642,0.010741392582611642,0.0001153775146137844,0.8160037377829745
2024-09-12,1.412692435723715,1.3163411005683945,1.3163411005683945,0.09635133515532046,0.09635133515532046,0.009283579786212892,6.820404266266222
2024-09-13,1.435773841848769,1.412692435723715,1.412692435723715,0.02308140612505416,0.02308140612505416,0.0005327513087096877,1.6075934421073912
2024-09-16,1.3092046773743795,1.435773841848769,1.435773841848769,-0.1265691644743896,0.1265691644743896,0.016019753395745084,9.667637662907305
2024-09-17,1.283519477352346,1.3092046773743795,1.3092046773743795,-0.02568520002203356,0.02568520002203356,0.0006597295001718728,2.0011538956165427
2024-09-18,1.2686922203790336,1.283519477352346,1.283519477352346,-0.01482725697331233,0.01482725697331233,0.00021984754935263913,1.1687040193942821
2024-09-19,1.3700156361492537,1.2686922203790336,1.2686922203790336,0.10132341577022008,0.10132341577022008,0.010266434583344884,7.395785354319971
2024-09-20,1.7272260992316637,1.3700156361492537,1.3700156361492537,0.35721046308241,0.35721046308241,0.1275993149355498,20.681164049183305
2024-09-23,1.424159816356357,1.7272260992316637,1.7272260992316637,-0.3030662828753068,0.3030662828753068,0.09184917181585547,21.280356277056534
2024-09-24,1.4926557010533148,1.424159816356357,1.424159816356357,0.06849588469695789,0.06849588469695789,0.00469168622041895,4.588860287648568
2024-09-25,1.3931592653575706,1.4926557010533148,1.4926557010533148,-0.09949643569574418,0.09949643569574418,0.009899540716157356,7.1417847312817635
2024-09-26,1.4803471441508065,1.3931592653575706,1.3931592653575706,0.08718787879323586,0.08718787879323586,0.007601726208463988,5.889691423916026
2024-09-27,1.7624626223620543,1.4803471441508065,1.4803471441508065,0.2821154782112478,0.2821154782112478,0.07958914304636104,16.00689141612299
2024-09-30,1.438220511082703,1.7624626223620543,1.7624626223620543,-0.3242421112793512,0.3242421112793512,0.10513294672689118,22.544673002560597
2024-10-01,1.3287019905354354,1.438220511082703,1.438220511082703,-0.10951852054726774,0.10951852054726774,0.011994306342862306,8.242519491005984
2024-10-03,1.330583756907064,1.3287019905354354,1.3287019905354354,0.0018817663716286237,0.0018817663716286237,3.5410446773923556e-06,0.14142412019238693
2024-10-04,1.3737331350191555,1.330583756907064,1.330583756907064,0.04314937811209152,0.04314937811209152,0.0018618688314602427,3.141030598456798
2024-10-07,1.2871615996485115,1.3737331350191555,1.3737331350191555,-0.08657153537064399,0.08657153537064399,0.007494630736430664,6.725770516637872
2024-10-08,1.274156160971358,1.2871615996485115,1.2871615996485115,-0.013005438677153425,0.013005438677153425,0.00016914143518519822,1.020709947141697
2024-10-09,1.2957688064340758,1.274156160971358,1.274156160971358,0.021612645462717683,0.021612645462717683,0.00046710644389713125,1.6679399407827356
2024-10-10,1.1829491935435943,1.2957688064340758,1.2957688064340758,-0.11281961289048148,0.11281961289048148,0.012728265052758096,9.537147791827277
2024-10-11,1.0059028844308535,1.1829491935435943,1.1829491935435943,-0.17704630911274077,0.17704630911274077,0.031345395570444155,17.600735801937255
2024-10-14,1.0167878650269428,1.0059028844308535,1.0059028844308535,0.010884980596089333,0.010884980596089333,0.00011848280257724129,1.0705262100862014
2024-10-15,1.2190882840704251,1.0167878650269428,1.0167878650269428,0.20230041904348228,0.20230041904348228,0.040925459545168526,16.594402693135525
2024-10-16,1.2374557876878796,1.2190882840704251,1.2190882840704251,0.018367503617454428,0.018367503617454428,0.0003373651891372015,1.484295746175557
2024-10-17,1.2449756689645042,1.2374557876878796,1.2374557876878796,0.007519881276624618,0.007519881276624618,5.6548614414529496e-05,0.6040183325734553
2024-10-18,1.1486159065841586,1.2449756689645042,1.2449756689645042,-0.0963597623803456,0.0963597623803456,0.009285203805996668,8.38920668153618
2024-10-21,1.0716228967076469,1.1486159065841586,1.1486159065841586,-0.0769930098765117,0.0769930098765117,0.005927923569844628,7.184711162206198
2024-10-22,1.1136815097326864,1.0716228967076469,1.0716228967076469,0.04205861302503955,0.04205861302503955,0.0017689269295900264,3.7765386834100125
2024-10-23,1.1524119176846055,1.1136815097326864,1.1136815097326864,0.038730407951919066,0.038730407951919066,0.0015000445001220756,3.3608128619265885
2024-10-24,1.0114584510550793,1.1524119176846055,1.1524119176846055,-0.14095346662952624,0.14095346662952624,0.019867879754880965,13.93566552165281
2024-10-25,1.08155241949973,1.0114584510550793,1.0114584510550793,0.07009396844465066,0.07009396844465066,0.004913164412319682,6.480866500864793
2024-10-28,0.9967771856795934,1.08155241949973,1.08155241949973,-0.08477523382013652,0.08477523382013652,0.007186840269258819,8.504933202532877
2024-10-29,1.0217413583805737,0.9967771856795934,0.9967771856795934,0.02496417270098028,0.02496417270098028,0.0006232099186443691,2.4432966813193966
2024-10-30,1.154983219569202,1.0217413583805737,1.0217413583805737,0.13324186118862835,0.13324186118862835,0.017753393573009705,11.536259482482034
2024-10-31,1.1550481715145062,1.154983219569202,1.154983219569202,6.495194530420356e-05,6.495194530420356e-05,4.218755198800251e-09,0.005623310516914474
2024-11-01,0.0296699729640489,1.1550481715145062,1.1550481715145062,-1.1253781985504574,1.1253781985504574,1.2664760897726728,3792.986936368557
2024-11-04,0.9950569894463838,0.0296699729640489,0.0296699729640489,0.9653870164823348,0.9653870164823348,0.9319720915926638,97.01826395083599
2024-11-05,1.055965932313245,0.9950569894463838,0.9950569894463838,0.060908942866861326,0.060908942866861326,0.003709899321158577,5.768078401301406
2024-11-06,1.2181760501664092,1.055965932313245,1.055965932313245,0.16221011785316408,0.16221011785316408,0.02631212233393738,13.315818992747833
2024-11-07,1.1539256503704016,1.2181760501664092,1.2181760501664092,-0.06425039979600755,0.06425039979600755,0.004128113873946807,5.56798436497045
2024-11-08,0.9966990414192692,1.1539256503704016,1.1539256503704016,-0.15722660895113238,0.15722660895113238,0.024720206562272303,15.774732634160705
2024-11-11,0.9853618870612396,0.9966990414192692,0.9966990414192692,-0.011337154358029622,0.011337154358029622,0.00012853106893779005,1.1505574253375832
2024-11-12,0.976414648348752,0.9853618870612396,0.9853618870612396,-0.008947238712487593,0.008947238712487593,8.005308057823664e-05,0.9163359775089992
2024-11-13,0.9250495825238092,0.976414648348752,0.976414648348752,-0.051365065824942824,0.051365065824942824,0.0026383699872007094,5.5526824502535
2024-11-14,0.9238034921860048,0.9250495825238092,0.9250495825238092,-0.0012460903378044286,0.0012460903378044286,1.552741129969555e-06,0.1348869481815655
2024-11-18,0.9197440971783978,0.9238034921860048,0.9238034921860048,-0.004059395007606992,0.004059395007606992,1.647868782778457e-05,0.44136135475731275
2024-11-19,0.9761073752898134,0.9197440971783978,0.9197440971783978,0.056363278111415616,0.056363278111415616,0.0031768191194647827,5.774290773561766
2024-11-21,0.9852176085296124,0.9761073752898134,0.9761073752898134,0.009110233239798982,0.009110233239798982,8.299634968353825e-05,0.9246924903621593
2024-11-22,1.0151526452126132,0.9852176085296124,0.9852176085296124,0.029935036683000793,0.029935036683000793,0.0008961064212126031,2.9488212264601064
2024-11-25,1.6034579583601247,1.0151526452126132,1.0151526452126132,0.5883053131475116,0.5883053131475116,0.34610314147759164,36.6897872239306
2024-11-26,1.0194115742041587,1.6034579583601247,1.6034579583601247,-0.584046384155966,0.584046384155966,0.3411101788456582,57.292500785261666
2024-11-27,1.0709919528996352,1.0194115742041587,1.0194115742041587,0.05158037869547649,0.05158037869547649,0.002660535466368765,4.816131302931479
2024-11-28,1.1745531182190718,1.0709919528996352,1.0709919528996352,0.1035611653194366,0.1035611653194366,0.010724914962319677,8.817069548669053
2024-11-29,1.1995857950381532,1.1745531182190718,1.1745531182190718,0.02503267681908139,0.02503267681908139,0.0006266349087285747,2.0867766959748986
2024-12-02,1.121186289003604,1.1995857950381532,1.1995857950381532,-0.07839950603454926,0.07839950603454926,0.006146482546461326,6.99254948115917
2024-12-03,1.2947727167523773,1.121186289003604,1.121186289003604,0.1735864277487733,0.1735864277487733,0.030132247898580097,13.406710344049625
2024-12-04,1.3116054833961803,1.2947727167523773,1.2947727167523773,0.016832766643803065,0.016832766643803065,0.00028334203288472913,1.2833711704389543
2024-12-05,1.2433489748162625,1.3116054833961803,1.3116054833961803,-0.06825650857991783,0.06825650857991783,0.0046589509635203965,5.489730555333793
2024-12-06,1.2456393828514891,1.2433489748162625,1.2433489748162625,0.002290408035226621,0.002290408035226621,5.24596896783067e-06,0.18387408641363534
2024-12-09,1.269821883976734,1.2456393828514891,1.2456393828514891,0.024182501125244782,0.024182501125244782,0.0005847933606724651,1.9044010369006887
2024-12-10,1.372220585881086,1.269821883976734,1.269821883976734,0.10239870190435219,0.10239870190435219,0.01048549415169638,7.4622624786381
2024-12-11,1.2069627817263748,1.372220585881086,1.372220585881086,-0.16525780415471125,0.16525780415471125,0.027310141834036898,13.692038118883445
2024-12-12,1.1938751921708628,1.2069627817263748,1.2069627817263748,-0.013087589555512036,0.013087589555512036,0.00017128500037354773,1.096227615862797
2024-12-13,1.1725104008326948,1.1938751921708628,1.1938751921708628,-0.021364791338168043,0.021364791338168043,0.00045645430892346024,1.8221408801998833
2024-12-16,1.0898829624662754,1.1725104008326948,1.1725104008326948,-0.08262743836641939,0.08262743836641939,0.006827293570996436,7.581312967719335
2024-12-17,1.1272176772640403,1.0898829624662754,1.0898829624662754,0.037334714797764956,0.037334714797764956,0.0013938809290304497,3.31211225221228
2024-12-18,1.0886360761354028,1.1272176772640403,1.1272176772640403,-0.03858160112863751,0.03858160112863751,0.0014885399456492831,3.5440311022577933
2024-12-19,1.0751485243483407,1.0886360761354028,1.0886360761354028,-0.013487551787062069,0.013487551787062069,0.0001819140532086812,1.2544826581273523
2024-12-20,1.3473781709274404,1.0751485243483407,1.0751485243483407,0.27222964657909965,0.27222964657909965,0.0741089804765815,20.204397878267237
2024-12-23,0.917844680968808,1.3473781709274404,1.3473781709274404,-0.4295334899586324,0.4295334899586324,0.18449901899604254,46.79805841498684
2024-12-24,0.8476049921815514,0.917844680968808,0.917844680968808,-0.07023968878725662,0.07023968878725662,0.0049336138809306625,8.286842271477767
2024-12-26,0.8964410259993696,0.8476049921815514,0.8476049921815514,0.0488360338178182,0.0488360338178182,0.002384958199055083,5.44776872113532
2024-12-27,0.8837687204407138,0.8964410259993696,0.8964410259993696,-0.012672305558655839,0.012672305558655839,0.00016058732817193967,1.4338938758023108
2024-12-30,1.3805490575734412,0.8837687204407138,0.8837687204407138,0.4967803371327274,0.4967803371327274,0.2467907033617063,35.9842581766639
2024-12-31,0.9970071346766844,1.3805490575734412,1.3805490575734412,-0.3835419228967567,0.3835419228967567,0.14710440661934165,38.46932580087644
